folder,group,type,prefix,tier,item_key,new_filename,new_relative_path,estimated_old_filename,note
Amulets,Accessories,Amulet,accessory_amulet,t1,ironamulet,accessory_amulet_t1_ironamulet.png,src/assets/Items/Amulets/accessory_amulet_t1_ironamulet.png,t1_ironamulet.png,
Amulets,Accessories,Amulet,accessory_amulet,t10,alimyriad,accessory_amulet_t10_alimyriad.png,src/assets/Items/Amulets/accessory_amulet_t10_alimyriad.png,t10_alimyriad.png,
Amulets,Accessories,Amulet,accessory_amulet,t10,amulet_midas,accessory_amulet_t10_amulet_midas.png,src/assets/Items/Amulets/accessory_amulet_t10_amulet_midas.png,t10_amulet_midas.png,
Amulets,Accessories,Amulet,accessory_amulet,t10,freyja_talisman,accessory_amulet_t10_freyja_talisman.png,src/assets/Items/Amulets/accessory_amulet_t10_freyja_talisman.png,t10_freyja_talisman.png,
Amulets,Accessories,Amulet,accessory_amulet,t10,viptalisman,accessory_amulet_t10_viptalisman.png,src/assets/Items/Amulets/accessory_amulet_t10_viptalisman.png,t10_viptalisman.png,
Amulets,Accessories,Amulet,accessory_amulet,t11,brisingamen,accessory_amulet_t11_brisingamen.png,src/assets/Items/Amulets/accessory_amulet_t11_brisingamen.png,t11_brisingamen.png,
Amulets,Accessories,Amulet,accessory_amulet,t11,fellgrovetalisman,accessory_amulet_t11_fellgrovetalisman.png,src/assets/Items/Amulets/accessory_amulet_t11_fellgrovetalisman.png,t11_fellgrovetalisman.png,
Amulets,Accessories,Amulet,accessory_amulet,t11,forlornacorn,accessory_amulet_t11_forlornacorn.png,src/assets/Items/Amulets/accessory_amulet_t11_forlornacorn.png,t11_forlornacorn.png,
Amulets,Accessories,Amulet,accessory_amulet,t11,monsoonheart,accessory_amulet_t11_monsoonheart.png,src/assets/Items/Amulets/accessory_amulet_t11_monsoonheart.png,t11_monsoonheart.png,
Amulets,Accessories,Amulet,accessory_amulet,t12,eternalhourglass,accessory_amulet_t12_eternalhourglass.png,src/assets/Items/Amulets/accessory_amulet_t12_eternalhourglass.png,t12_eternalhourglass.png,
Amulets,Accessories,Amulet,accessory_amulet,t12,fairywreath,accessory_amulet_t12_fairywreath.png,src/assets/Items/Amulets/accessory_amulet_t12_fairywreath.png,t12_fairywreath.png,
Amulets,Accessories,Amulet,accessory_amulet,t12,gamepadmini,accessory_amulet_t12_gamepadmini.png,src/assets/Items/Amulets/accessory_amulet_t12_gamepadmini.png,t12_gamepadmini.png,
Amulets,Accessories,Amulet,accessory_amulet,t12,opulentcarcanet,accessory_amulet_t12_opulentcarcanet.png,src/assets/Items/Amulets/accessory_amulet_t12_opulentcarcanet.png,t12_opulentcarcanet.png,
Amulets,Accessories,Amulet,accessory_amulet,t12,titania_keepsake,accessory_amulet_t12_titania_keepsake.png,src/assets/Items/Amulets/accessory_amulet_t12_titania_keepsake.png,t12_titania_keepsake.png,
Amulets,Accessories,Amulet,accessory_amulet,t13,bleakspirecharm,accessory_amulet_t13_bleakspirecharm.png,src/assets/Items/Amulets/accessory_amulet_t13_bleakspirecharm.png,t13_bleakspirecharm.png,
Amulets,Accessories,Amulet,accessory_amulet,t13,charlatan_amulet,accessory_amulet_t13_charlatan_amulet.png,src/assets/Items/Amulets/accessory_amulet_t13_charlatan_amulet.png,t13_charlatan_amulet.png,
Amulets,Accessories,Amulet,accessory_amulet,t13,platinumainsignia,accessory_amulet_t13_platinumainsignia.png,src/assets/Items/Amulets/accessory_amulet_t13_platinumainsignia.png,t13_platinumainsignia.png,
Amulets,Accessories,Amulet,accessory_amulet,t13,titania_timepiece,accessory_amulet_t13_titania_timepiece.png,src/assets/Items/Amulets/accessory_amulet_t13_titania_timepiece.png,t13_titania_timepiece.png,
Amulets,Accessories,Amulet,accessory_amulet,t14,goldmedal,accessory_amulet_t14_goldmedal.png,src/assets/Items/Amulets/accessory_amulet_t14_goldmedal.png,t14_goldmedal.png,
Amulets,Accessories,Amulet,accessory_amulet,t14,might_earth,accessory_amulet_t14_might_earth.png,src/assets/Items/Amulets/accessory_amulet_t14_might_earth.png,t14_might_earth.png,
Amulets,Accessories,Amulet,accessory_amulet,t14,star_show,accessory_amulet_t14_star_show.png,src/assets/Items/Amulets/accessory_amulet_t14_star_show.png,t14_star_show.png,
Amulets,Accessories,Amulet,accessory_amulet,t14,titania_heart,accessory_amulet_t14_titania_heart.png,src/assets/Items/Amulets/accessory_amulet_t14_titania_heart.png,t14_titania_heart.png,
Amulets,Accessories,Amulet,accessory_amulet,t14,torc_peace,accessory_amulet_t14_torc_peace.png,src/assets/Items/Amulets/accessory_amulet_t14_torc_peace.png,t14_torc_peace.png,
Amulets,Accessories,Amulet,accessory_amulet,t15,malady_amulet,accessory_amulet_t15_malady_amulet.png,src/assets/Items/Amulets/accessory_amulet_t15_malady_amulet.png,t15_malady_amulet.png,
Amulets,Accessories,Amulet,accessory_amulet,t15,pureheartbarrette,accessory_amulet_t15_pureheartbarrette.png,src/assets/Items/Amulets/accessory_amulet_t15_pureheartbarrette.png,t15_pureheartbarrette.png,
Amulets,Accessories,Amulet,accessory_amulet,t15,quadforce,accessory_amulet_t15_quadforce.png,src/assets/Items/Amulets/accessory_amulet_t15_quadforce.png,t15_quadforce.png,
Amulets,Accessories,Amulet,accessory_amulet,t15,trophy_fangs,accessory_amulet_t15_trophy_fangs.png,src/assets/Items/Amulets/accessory_amulet_t15_trophy_fangs.png,t15_trophy_fangs.png,
Amulets,Accessories,Amulet,accessory_amulet,t15,zephyr_dampener,accessory_amulet_t15_zephyr_dampener.png,src/assets/Items/Amulets/accessory_amulet_t15_zephyr_dampener.png,t15_zephyr_dampener.png,
Amulets,Accessories,Amulet,accessory_amulet,t16,fellspectator,accessory_amulet_t16_fellspectator.png,src/assets/Items/Amulets/accessory_amulet_t16_fellspectator.png,t16_fellspectator.png,
Amulets,Accessories,Amulet,accessory_amulet,t16,universaltranslator,accessory_amulet_t16_universaltranslator.png,src/assets/Items/Amulets/accessory_amulet_t16_universaltranslator.png,t16_universaltranslator.png,
Amulets,Accessories,Amulet,accessory_amulet,t2,pendant,accessory_amulet_t2_pendant.png,src/assets/Items/Amulets/accessory_amulet_t2_pendant.png,t2_pendant.png,
Amulets,Accessories,Amulet,accessory_amulet,t3,ironbond,accessory_amulet_t3_ironbond.png,src/assets/Items/Amulets/accessory_amulet_t3_ironbond.png,t3_ironbond.png,
Amulets,Accessories,Amulet,accessory_amulet,t3,mundraamulet,accessory_amulet_t3_mundraamulet.png,src/assets/Items/Amulets/accessory_amulet_t3_mundraamulet.png,t3_mundraamulet.png,
Amulets,Accessories,Amulet,accessory_amulet,t4,eclipseamulet,accessory_amulet_t4_eclipseamulet.png,src/assets/Items/Amulets/accessory_amulet_t4_eclipseamulet.png,t4_eclipseamulet.png,
Amulets,Accessories,Amulet,accessory_amulet,t4,medal,accessory_amulet_t4_medal.png,src/assets/Items/Amulets/accessory_amulet_t4_medal.png,t4_medal.png,
Amulets,Accessories,Amulet,accessory_amulet,t4,sunpendant,accessory_amulet_t4_sunpendant.png,src/assets/Items/Amulets/accessory_amulet_t4_sunpendant.png,t4_sunpendant.png,
Amulets,Accessories,Amulet,accessory_amulet,t5,luckymedallion,accessory_amulet_t5_luckymedallion.png,src/assets/Items/Amulets/accessory_amulet_t5_luckymedallion.png,t5_luckymedallion.png,
Amulets,Accessories,Amulet,accessory_amulet,t5,luxuriouscharm,accessory_amulet_t5_luxuriouscharm.png,src/assets/Items/Amulets/accessory_amulet_t5_luxuriouscharm.png,t5_luxuriouscharm.png,
Amulets,Accessories,Amulet,accessory_amulet,t5,noblechain,accessory_amulet_t5_noblechain.png,src/assets/Items/Amulets/accessory_amulet_t5_noblechain.png,t5_noblechain.png,
Amulets,Accessories,Amulet,accessory_amulet,t6,convenientpendant,accessory_amulet_t6_convenientpendant.png,src/assets/Items/Amulets/accessory_amulet_t6_convenientpendant.png,t6_convenientpendant.png,
Amulets,Accessories,Amulet,accessory_amulet,t6,holysymbol,accessory_amulet_t6_holysymbol.png,src/assets/Items/Amulets/accessory_amulet_t6_holysymbol.png,t6_holysymbol.png,
Amulets,Accessories,Amulet,accessory_amulet,t6,trinket_fifth,accessory_amulet_t6_trinket_fifth.png,src/assets/Items/Amulets/accessory_amulet_t6_trinket_fifth.png,t6_trinket_fifth.png,
Amulets,Accessories,Amulet,accessory_amulet,t7,dreamcatcher,accessory_amulet_t7_dreamcatcher.png,src/assets/Items/Amulets/accessory_amulet_t7_dreamcatcher.png,t7_dreamcatcher.png,
Amulets,Accessories,Amulet,accessory_amulet,t7,magictimepiece,accessory_amulet_t7_magictimepiece.png,src/assets/Items/Amulets/accessory_amulet_t7_magictimepiece.png,t7_magictimepiece.png,
Amulets,Accessories,Amulet,accessory_amulet,t7,prayerbeads,accessory_amulet_t7_prayerbeads.png,src/assets/Items/Amulets/accessory_amulet_t7_prayerbeads.png,t7_prayerbeads.png,
Amulets,Accessories,Amulet,accessory_amulet,t7,titaniumtorc,accessory_amulet_t7_titaniumtorc.png,src/assets/Items/Amulets/accessory_amulet_t7_titaniumtorc.png,t7_titaniumtorc.png,
Amulets,Accessories,Amulet,accessory_amulet,t8,archivistglasses,accessory_amulet_t8_archivistglasses.png,src/assets/Items/Amulets/accessory_amulet_t8_archivistglasses.png,t8_archivistglasses.png,
Amulets,Accessories,Amulet,accessory_amulet,t8,chronotimekeeper,accessory_amulet_t8_chronotimekeeper.png,src/assets/Items/Amulets/accessory_amulet_t8_chronotimekeeper.png,t8_chronotimekeeper.png,
Amulets,Accessories,Amulet,accessory_amulet,t8,dragonsoulpendant,accessory_amulet_t8_dragonsoulpendant.png,src/assets/Items/Amulets/accessory_amulet_t8_dragonsoulpendant.png,t8_dragonsoulpendant.png,
Amulets,Accessories,Amulet,accessory_amulet,t8,magatama,accessory_amulet_t8_magatama.png,src/assets/Items/Amulets/accessory_amulet_t8_magatama.png,t8_magatama.png,
Amulets,Accessories,Amulet,accessory_amulet,t9,pet_portable,accessory_amulet_t9_pet_portable.png,src/assets/Items/Amulets/accessory_amulet_t9_pet_portable.png,t9_pet_portable.png,
Amulets,Accessories,Amulet,accessory_amulet,t9,phylactery,accessory_amulet_t9_phylactery.png,src/assets/Items/Amulets/accessory_amulet_t9_phylactery.png,t9_phylactery.png,
Amulets,Accessories,Amulet,accessory_amulet,t9,ursatotem,accessory_amulet_t9_ursatotem.png,src/assets/Items/Amulets/accessory_amulet_t9_ursatotem.png,t9_ursatotem.png,
Aurasongs,Accessories,Aurasong,accessory_aurasong,t10,aura_winds,accessory_aurasong_t10_aura_winds.png,src/assets/Items/Aurasongs/accessory_aurasong_t10_aura_winds.png,t10_aura_winds.png,
Aurasongs,Accessories,Aurasong,accessory_aurasong,t11,aura_love,accessory_aurasong_t11_aura_love.png,src/assets/Items/Aurasongs/accessory_aurasong_t11_aura_love.png,t11_aura_love.png,
Aurasongs,Accessories,Aurasong,accessory_aurasong,t12,aura_power,accessory_aurasong_t12_aura_power.png,src/assets/Items/Aurasongs/accessory_aurasong_t12_aura_power.png,t12_aura_power.png,
Aurasongs,Accessories,Aurasong,accessory_aurasong,t13,aura_wonder,accessory_aurasong_t13_aura_wonder.png,src/assets/Items/Aurasongs/accessory_aurasong_t13_aura_wonder.png,t13_aura_wonder.png,
Aurasongs,Accessories,Aurasong,accessory_aurasong,t13,prismaticaura,accessory_aurasong_t13_prismaticaura.png,src/assets/Items/Aurasongs/accessory_aurasong_t13_prismaticaura.png,t13_prismaticaura.png,
Aurasongs,Accessories,Aurasong,accessory_aurasong,t14,aura_storms,accessory_aurasong_t14_aura_storms.png,src/assets/Items/Aurasongs/accessory_aurasong_t14_aura_storms.png,t14_aura_storms.png,
Aurasongs,Accessories,Aurasong,accessory_aurasong,t14,aura_victory,accessory_aurasong_t14_aura_victory.png,src/assets/Items/Aurasongs/accessory_aurasong_t14_aura_victory.png,t14_aura_victory.png,
Aurasongs,Accessories,Aurasong,accessory_aurasong,t15,aura_inspiration,accessory_aurasong_t15_aura_inspiration.png,src/assets/Items/Aurasongs/accessory_aurasong_t15_aura_inspiration.png,t15_aura_inspiration.png,
Aurasongs,Accessories,Aurasong,accessory_aurasong,t15,aura_transmutation,accessory_aurasong_t15_aura_transmutation.png,src/assets/Items/Aurasongs/accessory_aurasong_t15_aura_transmutation.png,t15_aura_transmutation.png,
Aurasongs,Accessories,Aurasong,accessory_aurasong,t15,auraassistant,accessory_aurasong_t15_auraassistant.png,src/assets/Items/Aurasongs/accessory_aurasong_t15_auraassistant.png,t15_auraassistant.png,
Aurasongs,Accessories,Aurasong,accessory_aurasong,t15,platinumaura,accessory_aurasong_t15_platinumaura.png,src/assets/Items/Aurasongs/accessory_aurasong_t15_platinumaura.png,t15_platinumaura.png,
Aurasongs,Accessories,Aurasong,accessory_aurasong,t16,aurareactor,accessory_aurasong_t16_aurareactor.png,src/assets/Items/Aurasongs/accessory_aurasong_t16_aurareactor.png,t16_aurareactor.png,
Aurasongs,Accessories,Aurasong,accessory_aurasong,t3,gleamingaura,accessory_aurasong_t3_gleamingaura.png,src/assets/Items/Aurasongs/accessory_aurasong_t3_gleamingaura.png,t3_gleamingaura.png,
Aurasongs,Accessories,Aurasong,accessory_aurasong,t4,aura_rains,accessory_aurasong_t4_aura_rains.png,src/assets/Items/Aurasongs/accessory_aurasong_t4_aura_rains.png,t4_aura_rains.png,
Aurasongs,Accessories,Aurasong,accessory_aurasong,t5,aura_quakes,accessory_aurasong_t5_aura_quakes.png,src/assets/Items/Aurasongs/accessory_aurasong_t5_aura_quakes.png,t5_aura_quakes.png,
Aurasongs,Accessories,Aurasong,accessory_aurasong,t6,aura_growth,accessory_aurasong_t6_aura_growth.png,src/assets/Items/Aurasongs/accessory_aurasong_t6_aura_growth.png,t6_aura_growth.png,
Aurasongs,Accessories,Aurasong,accessory_aurasong,t7,aura_flames,accessory_aurasong_t7_aura_flames.png,src/assets/Items/Aurasongs/accessory_aurasong_t7_aura_flames.png,t7_aura_flames.png,
Aurasongs,Accessories,Aurasong,accessory_aurasong,t7,aura_sands,accessory_aurasong_t7_aura_sands.png,src/assets/Items/Aurasongs/accessory_aurasong_t7_aura_sands.png,t7_aura_sands.png,
Aurasongs,Accessories,Aurasong,accessory_aurasong,t8,aura_malice,accessory_aurasong_t8_aura_malice.png,src/assets/Items/Aurasongs/accessory_aurasong_t8_aura_malice.png,t8_aura_malice.png,
Aurasongs,Accessories,Aurasong,accessory_aurasong,t9,aura_sparks,accessory_aurasong_t9_aura_sparks.png,src/assets/Items/Aurasongs/accessory_aurasong_t9_aura_sparks.png,t9_aura_sparks.png,
Axes,Weapons,Axe,weapon_axe,,aegiraxe,weapon_axe_aegiraxe.png,src/assets/Items/Axes/weapon_axe_aegiraxe.png,aegiraxe.png,
Axes,Weapons,Axe,weapon_axe,,artifactaxe,weapon_axe_artifactaxe.png,src/assets/Items/Axes/weapon_axe_artifactaxe.png,artifactaxe.png,
Axes,Weapons,Axe,weapon_axe,,battleaxe,weapon_axe_battleaxe.png,src/assets/Items/Axes/weapon_axe_battleaxe.png,battleaxe.png,
Axes,Weapons,Axe,weapon_axe,,beeaxe,weapon_axe_beeaxe.png,src/assets/Items/Axes/weapon_axe_beeaxe.png,beeaxe.png,
Axes,Weapons,Axe,weapon_axe,,birdaxe,weapon_axe_birdaxe.png,src/assets/Items/Axes/weapon_axe_birdaxe.png,birdaxe.png,
Axes,Weapons,Axe,weapon_axe,,boysaxe,weapon_axe_boysaxe.png,src/assets/Items/Axes/weapon_axe_boysaxe.png,boysaxe.png,
Axes,Weapons,Axe,weapon_axe,,castleaxe,weapon_axe_castleaxe.png,src/assets/Items/Axes/weapon_axe_castleaxe.png,castleaxe.png,
Axes,Weapons,Axe,weapon_axe,,chessaxe,weapon_axe_chessaxe.png,src/assets/Items/Axes/weapon_axe_chessaxe.png,chessaxe.png,
Axes,Weapons,Axe,weapon_axe,,cincoaxe2020,weapon_axe_cincoaxe2020.png,src/assets/Items/Axes/weapon_axe_cincoaxe2020.png,cincoaxe2020.png,
Axes,Weapons,Axe,weapon_axe,,coupleaxe,weapon_axe_coupleaxe.png,src/assets/Items/Axes/weapon_axe_coupleaxe.png,coupleaxe.png,
Axes,Weapons,Axe,weapon_axe,,crescentaxe,weapon_axe_crescentaxe.png,src/assets/Items/Axes/weapon_axe_crescentaxe.png,crescentaxe.png,
Axes,Weapons,Axe,weapon_axe,,demigodaxe,weapon_axe_demigodaxe.png,src/assets/Items/Axes/weapon_axe_demigodaxe.png,demigodaxe.png,
Axes,Weapons,Axe,weapon_axe,,demonaxe,weapon_axe_demonaxe.png,src/assets/Items/Axes/weapon_axe_demonaxe.png,demonaxe.png,
Axes,Weapons,Axe,weapon_axe,,dieselpunkaxe,weapon_axe_dieselpunkaxe.png,src/assets/Items/Axes/weapon_axe_dieselpunkaxe.png,dieselpunkaxe.png,
Axes,Weapons,Axe,weapon_axe,,dinoaxe,weapon_axe_dinoaxe.png,src/assets/Items/Axes/weapon_axe_dinoaxe.png,dinoaxe.png,
Axes,Weapons,Axe,weapon_axe,,doublebitted,weapon_axe_doublebitted.png,src/assets/Items/Axes/weapon_axe_doublebitted.png,doublebitted.png,
Axes,Weapons,Axe,weapon_axe,,egyptaxe,weapon_axe_egyptaxe.png,src/assets/Items/Axes/weapon_axe_egyptaxe.png,egyptaxe.png,
Axes,Weapons,Axe,weapon_axe,,elysiumaxe,weapon_axe_elysiumaxe.png,src/assets/Items/Axes/weapon_axe_elysiumaxe.png,elysiumaxe.png,
Axes,Weapons,Axe,weapon_axe,,epicaxe,weapon_axe_epicaxe.png,src/assets/Items/Axes/weapon_axe_epicaxe.png,epicaxe.png,
Axes,Weapons,Axe,weapon_axe,,executioner,weapon_axe_executioner.png,src/assets/Items/Axes/weapon_axe_executioner.png,executioner.png,
Axes,Weapons,Axe,weapon_axe,,exploreraxe,weapon_axe_exploreraxe.png,src/assets/Items/Axes/weapon_axe_exploreraxe.png,exploreraxe.png,
Axes,Weapons,Axe,weapon_axe,,fallaxe,weapon_axe_fallaxe.png,src/assets/Items/Axes/weapon_axe_fallaxe.png,fallaxe.png,
Axes,Weapons,Axe,weapon_axe,,firecrabaxe,weapon_axe_firecrabaxe.png,src/assets/Items/Axes/weapon_axe_firecrabaxe.png,firecrabaxe.png,
Axes,Weapons,Axe,weapon_axe,,frogaxe,weapon_axe_frogaxe.png,src/assets/Items/Axes/weapon_axe_frogaxe.png,frogaxe.png,
Axes,Weapons,Axe,weapon_axe,,goldaxe,weapon_axe_goldaxe.png,src/assets/Items/Axes/weapon_axe_goldaxe.png,goldaxe.png,
Axes,Weapons,Axe,weapon_axe,,gothicaxe,weapon_axe_gothicaxe.png,src/assets/Items/Axes/weapon_axe_gothicaxe.png,gothicaxe.png,
Axes,Weapons,Axe,weapon_axe,,grottoaxe,weapon_axe_grottoaxe.png,src/assets/Items/Axes/weapon_axe_grottoaxe.png,grottoaxe.png,
Axes,Weapons,Axe,weapon_axe,,halberd,weapon_axe_halberd.png,src/assets/Items/Axes/weapon_axe_halberd.png,halberd.png,
Axes,Weapons,Axe,weapon_axe,,hatchet,weapon_axe_hatchet.png,src/assets/Items/Axes/weapon_axe_hatchet.png,hatchet.png,
Axes,Weapons,Axe,weapon_axe,,krampusaxe,weapon_axe_krampusaxe.png,src/assets/Items/Axes/weapon_axe_krampusaxe.png,krampusaxe.png,
Axes,Weapons,Axe,weapon_axe,,lucky7axe,weapon_axe_lucky7axe.png,src/assets/Items/Axes/weapon_axe_lucky7axe.png,lucky7axe.png,
Axes,Weapons,Axe,weapon_axe,,lunaraxe,weapon_axe_lunaraxe.png,src/assets/Items/Axes/weapon_axe_lunaraxe.png,lunaraxe.png,
Axes,Weapons,Axe,weapon_axe,,lunaraxe2,weapon_axe_lunaraxe2.png,src/assets/Items/Axes/weapon_axe_lunaraxe2.png,lunaraxe2.png,
Axes,Weapons,Axe,weapon_axe,,manticoreaxe,weapon_axe_manticoreaxe.png,src/assets/Items/Axes/weapon_axe_manticoreaxe.png,manticoreaxe.png,
Axes,Weapons,Axe,weapon_axe,,platinumaxe,weapon_axe_platinumaxe.png,src/assets/Items/Axes/weapon_axe_platinumaxe.png,platinumaxe.png,
Axes,Weapons,Axe,weapon_axe,,pyramidaxe,weapon_axe_pyramidaxe.png,src/assets/Items/Axes/weapon_axe_pyramidaxe.png,pyramidaxe.png,
Axes,Weapons,Axe,weapon_axe,,raideraxe,weapon_axe_raideraxe.png,src/assets/Items/Axes/weapon_axe_raideraxe.png,raideraxe.png,
Axes,Weapons,Axe,weapon_axe,,snowaxe,weapon_axe_snowaxe.png,src/assets/Items/Axes/weapon_axe_snowaxe.png,snowaxe.png,
Axes,Weapons,Axe,weapon_axe,,spellbladeaxe,weapon_axe_spellbladeaxe.png,src/assets/Items/Axes/weapon_axe_spellbladeaxe.png,spellbladeaxe.png,
Axes,Weapons,Axe,weapon_axe,,starteraxe,weapon_axe_starteraxe.png,src/assets/Items/Axes/weapon_axe_starteraxe.png,starteraxe.png,
Axes,Weapons,Axe,weapon_axe,,steelaxe,weapon_axe_steelaxe.png,src/assets/Items/Axes/weapon_axe_steelaxe.png,steelaxe.png,
Axes,Weapons,Axe,weapon_axe,,t12axe,weapon_axe_t12axe.png,src/assets/Items/Axes/weapon_axe_t12axe.png,t12axe.png,
Axes,Weapons,Axe,weapon_axe,,t13axe,weapon_axe_t13axe.png,src/assets/Items/Axes/weapon_axe_t13axe.png,t13axe.png,
Axes,Weapons,Axe,weapon_axe,,t14axe,weapon_axe_t14axe.png,src/assets/Items/Axes/weapon_axe_t14axe.png,t14axe.png,
Axes,Weapons,Axe,weapon_axe,,t15axe,weapon_axe_t15axe.png,src/assets/Items/Axes/weapon_axe_t15axe.png,t15axe.png,
Axes,Weapons,Axe,weapon_axe,,t16axe,weapon_axe_t16axe.png,src/assets/Items/Axes/weapon_axe_t16axe.png,t16axe.png,
Axes,Weapons,Axe,weapon_axe,,templeaxe,weapon_axe_templeaxe.png,src/assets/Items/Axes/weapon_axe_templeaxe.png,templeaxe.png,
Axes,Weapons,Axe,weapon_axe,,tomahawk,weapon_axe_tomahawk.png,src/assets/Items/Axes/weapon_axe_tomahawk.png,tomahawk.png,
Axes,Weapons,Axe,weapon_axe,,valentineaxe,weapon_axe_valentineaxe.png,src/assets/Items/Axes/weapon_axe_valentineaxe.png,valentineaxe.png,
Bows,Weapons,Bow,weapon_bow,,arcadebow,weapon_bow_arcadebow.png,src/assets/Items/Bows/weapon_bow_arcadebow.png,arcadebow.png,
Bows,Weapons,Bow,weapon_bow,,bjornbow,weapon_bow_bjornbow.png,src/assets/Items/Bows/weapon_bow_bjornbow.png,bjornbow.png,
Bows,Weapons,Bow,weapon_bow,,blossombow,weapon_bow_blossombow.png,src/assets/Items/Bows/weapon_bow_blossombow.png,blossombow.png,
Bows,Weapons,Bow,weapon_bow,,bramblebane,weapon_bow_bramblebane.png,src/assets/Items/Bows/weapon_bow_bramblebane.png,bramblebane.png,
Bows,Weapons,Bow,weapon_bow,,christmasbow,weapon_bow_christmasbow.png,src/assets/Items/Bows/weapon_bow_christmasbow.png,christmasbow.png,
Bows,Weapons,Bow,weapon_bow,,christmasbow2,weapon_bow_christmasbow2.png,src/assets/Items/Bows/weapon_bow_christmasbow2.png,christmasbow2.png,
Bows,Weapons,Bow,weapon_bow,,cincobow,weapon_bow_cincobow.png,src/assets/Items/Bows/weapon_bow_cincobow.png,cincobow.png,
Bows,Weapons,Bow,weapon_bow,,compositebow,weapon_bow_compositebow.png,src/assets/Items/Bows/weapon_bow_compositebow.png,compositebow.png,
Bows,Weapons,Bow,weapon_bow,,desertbow,weapon_bow_desertbow.png,src/assets/Items/Bows/weapon_bow_desertbow.png,desertbow.png,
Bows,Weapons,Bow,weapon_bow,,dragonbow,weapon_bow_dragonbow.png,src/assets/Items/Bows/weapon_bow_dragonbow.png,dragonbow.png,
Bows,Weapons,Bow,weapon_bow,,fallbow,weapon_bow_fallbow.png,src/assets/Items/Bows/weapon_bow_fallbow.png,fallbow.png,
Bows,Weapons,Bow,weapon_bow,,forestbow,weapon_bow_forestbow.png,src/assets/Items/Bows/weapon_bow_forestbow.png,forestbow.png,
Bows,Weapons,Bow,weapon_bow,,frogbow,weapon_bow_frogbow.png,src/assets/Items/Bows/weapon_bow_frogbow.png,frogbow.png,
Bows,Weapons,Bow,weapon_bow,,goldbow,weapon_bow_goldbow.png,src/assets/Items/Bows/weapon_bow_goldbow.png,goldbow.png,
Bows,Weapons,Bow,weapon_bow,,halloweenbow,weapon_bow_halloweenbow.png,src/assets/Items/Bows/weapon_bow_halloweenbow.png,halloweenbow.png,
Bows,Weapons,Bow,weapon_bow,,hunterbow,weapon_bow_hunterbow.png,src/assets/Items/Bows/weapon_bow_hunterbow.png,hunterbow.png,
Bows,Weapons,Bow,weapon_bow,,icecreambow,weapon_bow_icecreambow.png,src/assets/Items/Bows/weapon_bow_icecreambow.png,icecreambow.png,
Bows,Weapons,Bow,weapon_bow,,lightdarkbow,weapon_bow_lightdarkbow.png,src/assets/Items/Bows/weapon_bow_lightdarkbow.png,lightdarkbow.png,
Bows,Weapons,Bow,weapon_bow,,longbow,weapon_bow_longbow.png,src/assets/Items/Bows/weapon_bow_longbow.png,longbow.png,
Bows,Weapons,Bow,weapon_bow,,lucky7bow,weapon_bow_lucky7bow.png,src/assets/Items/Bows/weapon_bow_lucky7bow.png,lucky7bow.png,
Bows,Weapons,Bow,weapon_bow,,lunarbow,weapon_bow_lunarbow.png,src/assets/Items/Bows/weapon_bow_lunarbow.png,lunarbow.png,
Bows,Weapons,Bow,weapon_bow,,mundrabow,weapon_bow_mundrabow.png,src/assets/Items/Bows/weapon_bow_mundrabow.png,mundrabow.png,
Bows,Weapons,Bow,weapon_bow,,newyearbow,weapon_bow_newyearbow.png,src/assets/Items/Bows/weapon_bow_newyearbow.png,newyearbow.png,
Bows,Weapons,Bow,weapon_bow,,newyearbow2,weapon_bow_newyearbow2.png,src/assets/Items/Bows/weapon_bow_newyearbow2.png,newyearbow2.png,
Bows,Weapons,Bow,weapon_bow,,platinumbow,weapon_bow_platinumbow.png,src/assets/Items/Bows/weapon_bow_platinumbow.png,platinumbow.png,
Bows,Weapons,Bow,weapon_bow,,riftbow,weapon_bow_riftbow.png,src/assets/Items/Bows/weapon_bow_riftbow.png,riftbow.png,
Bows,Weapons,Bow,weapon_bow,,shoprbow,weapon_bow_shoprbow.png,src/assets/Items/Bows/weapon_bow_shoprbow.png,shoprbow.png,
Bows,Weapons,Bow,weapon_bow,,shortbow,weapon_bow_shortbow.png,src/assets/Items/Bows/weapon_bow_shortbow.png,shortbow.png,
Bows,Weapons,Bow,weapon_bow,,siabow,weapon_bow_siabow.png,src/assets/Items/Bows/weapon_bow_siabow.png,siabow.png,
Bows,Weapons,Bow,weapon_bow,,spikedbow,weapon_bow_spikedbow.png,src/assets/Items/Bows/weapon_bow_spikedbow.png,spikedbow.png,
Bows,Weapons,Bow,weapon_bow,,stormrend,weapon_bow_stormrend.png,src/assets/Items/Bows/weapon_bow_stormrend.png,stormrend.png,
Bows,Weapons,Bow,weapon_bow,,strikerbow,weapon_bow_strikerbow.png,src/assets/Items/Bows/weapon_bow_strikerbow.png,strikerbow.png,
Bows,Weapons,Bow,weapon_bow,,superbow,weapon_bow_superbow.png,src/assets/Items/Bows/weapon_bow_superbow.png,superbow.png,
Bows,Weapons,Bow,weapon_bow,,t12bow,weapon_bow_t12bow.png,src/assets/Items/Bows/weapon_bow_t12bow.png,t12bow.png,
Bows,Weapons,Bow,weapon_bow,,t13bow,weapon_bow_t13bow.png,src/assets/Items/Bows/weapon_bow_t13bow.png,t13bow.png,
Bows,Weapons,Bow,weapon_bow,,t14bow,weapon_bow_t14bow.png,src/assets/Items/Bows/weapon_bow_t14bow.png,t14bow.png,
Bows,Weapons,Bow,weapon_bow,,t15bow,weapon_bow_t15bow.png,src/assets/Items/Bows/weapon_bow_t15bow.png,t15bow.png,
Bows,Weapons,Bow,weapon_bow,,t16bow,weapon_bow_t16bow.png,src/assets/Items/Bows/weapon_bow_t16bow.png,t16bow.png,
Bows,Weapons,Bow,weapon_bow,,thanksgivingbow,weapon_bow_thanksgivingbow.png,src/assets/Items/Bows/weapon_bow_thanksgivingbow.png,thanksgivingbow.png,
Bows,Weapons,Bow,weapon_bow,,twinstrand,weapon_bow_twinstrand.png,src/assets/Items/Bows/weapon_bow_twinstrand.png,twinstrand.png,
Bows,Weapons,Bow,weapon_bow,,valentinebow,weapon_bow_valentinebow.png,src/assets/Items/Bows/weapon_bow_valentinebow.png,valentinebow.png,
Bows,Weapons,Bow,weapon_bow,,werewolfbow,weapon_bow_werewolfbow.png,src/assets/Items/Bows/weapon_bow_werewolfbow.png,werewolfbow.png,
Bows,Weapons,Bow,weapon_bow,,westernbow,weapon_bow_westernbow.png,src/assets/Items/Bows/weapon_bow_westernbow.png,westernbow.png,
Bows,Weapons,Bow,weapon_bow,,wingedbow,weapon_bow_wingedbow.png,src/assets/Items/Bows/weapon_bow_wingedbow.png,wingedbow.png,
Bows,Weapons,Bow,weapon_bow,,wonderlandbow,weapon_bow_wonderlandbow.png,src/assets/Items/Bows/weapon_bow_wonderlandbow.png,wonderlandbow.png,
Bows,Weapons,Bow,weapon_bow,,yumi,weapon_bow_yumi.png,src/assets/Items/Bows/weapon_bow_yumi.png,yumi.png,
Bows,Weapons,Bow,weapon_bow,,zephyrbow,weapon_bow_zephyrbow.png,src/assets/Items/Bows/weapon_bow_zephyrbow.png,zephyrbow.png,
Catalysts,Weapons,Catalyst,weapon_catalyst,,gothiccatalyst,weapon_catalyst_gothiccatalyst.png,src/assets/Items/Catalysts/weapon_catalyst_gothiccatalyst.png,gothiccatalyst.png,
Catalysts,Weapons,Catalyst,weapon_catalyst,,newyearcatalyst,weapon_catalyst_newyearcatalyst.png,src/assets/Items/Catalysts/weapon_catalyst_newyearcatalyst.png,newyearcatalyst.png,
Catalysts,Weapons,Catalyst,weapon_catalyst,,platinumcatalyst,weapon_catalyst_platinumcatalyst.png,src/assets/Items/Catalysts/weapon_catalyst_platinumcatalyst.png,platinumcatalyst.png,
Catalysts,Weapons,Catalyst,weapon_catalyst,,retrocatalyst,weapon_catalyst_retrocatalyst.png,src/assets/Items/Catalysts/weapon_catalyst_retrocatalyst.png,retrocatalyst.png,
Catalysts,Weapons,Catalyst,weapon_catalyst,,t10catalyst,weapon_catalyst_t10catalyst.png,src/assets/Items/Catalysts/weapon_catalyst_t10catalyst.png,t10catalyst.png,
Catalysts,Weapons,Catalyst,weapon_catalyst,,t11catalyst,weapon_catalyst_t11catalyst.png,src/assets/Items/Catalysts/weapon_catalyst_t11catalyst.png,t11catalyst.png,
Catalysts,Weapons,Catalyst,weapon_catalyst,,t12catalyst,weapon_catalyst_t12catalyst.png,src/assets/Items/Catalysts/weapon_catalyst_t12catalyst.png,t12catalyst.png,
Catalysts,Weapons,Catalyst,weapon_catalyst,,t13catalyst,weapon_catalyst_t13catalyst.png,src/assets/Items/Catalysts/weapon_catalyst_t13catalyst.png,t13catalyst.png,
Catalysts,Weapons,Catalyst,weapon_catalyst,,t14catalyst,weapon_catalyst_t14catalyst.png,src/assets/Items/Catalysts/weapon_catalyst_t14catalyst.png,t14catalyst.png,
Catalysts,Weapons,Catalyst,weapon_catalyst,,t15catalyst,weapon_catalyst_t15catalyst.png,src/assets/Items/Catalysts/weapon_catalyst_t15catalyst.png,t15catalyst.png,
Catalysts,Weapons,Catalyst,weapon_catalyst,,t16catalyst,weapon_catalyst_t16catalyst.png,src/assets/Items/Catalysts/weapon_catalyst_t16catalyst.png,t16catalyst.png,
Catalysts,Weapons,Catalyst,weapon_catalyst,,t5catalyst,weapon_catalyst_t5catalyst.png,src/assets/Items/Catalysts/weapon_catalyst_t5catalyst.png,t5catalyst.png,
Catalysts,Weapons,Catalyst,weapon_catalyst,,t6catalyst,weapon_catalyst_t6catalyst.png,src/assets/Items/Catalysts/weapon_catalyst_t6catalyst.png,t6catalyst.png,
Catalysts,Weapons,Catalyst,weapon_catalyst,,t7catalyst,weapon_catalyst_t7catalyst.png,src/assets/Items/Catalysts/weapon_catalyst_t7catalyst.png,t7catalyst.png,
Catalysts,Weapons,Catalyst,weapon_catalyst,,t8catalyst,weapon_catalyst_t8catalyst.png,src/assets/Items/Catalysts/weapon_catalyst_t8catalyst.png,t8catalyst.png,
Catalysts,Weapons,Catalyst,weapon_catalyst,,t9catalyst,weapon_catalyst_t9catalyst.png,src/assets/Items/Catalysts/weapon_catalyst_t9catalyst.png,t9catalyst.png,
Cloaks,Accessories,Cloak,accessory_cloak,,batcloak,accessory_cloak_batcloak.png,src/assets/Items/Cloaks/accessory_cloak_batcloak.png,batcloak.png,
Cloaks,Accessories,Cloak,accessory_cloak,,beachcloak,accessory_cloak_beachcloak.png,src/assets/Items/Cloaks/accessory_cloak_beachcloak.png,beachcloak.png,
Cloaks,Accessories,Cloak,accessory_cloak,,bishopcloak,accessory_cloak_bishopcloak.png,src/assets/Items/Cloaks/accessory_cloak_bishopcloak.png,bishopcloak.png,
Cloaks,Accessories,Cloak,accessory_cloak,,blossomcloak,accessory_cloak_blossomcloak.png,src/assets/Items/Cloaks/accessory_cloak_blossomcloak.png,blossomcloak.png,
Cloaks,Accessories,Cloak,accessory_cloak,,bugcloak,accessory_cloak_bugcloak.png,src/assets/Items/Cloaks/accessory_cloak_bugcloak.png,bugcloak.png,
Cloaks,Accessories,Cloak,accessory_cloak,,cardboardcloak,accessory_cloak_cardboardcloak.png,src/assets/Items/Cloaks/accessory_cloak_cardboardcloak.png,cardboardcloak.png,
Cloaks,Accessories,Cloak,accessory_cloak,,darkknightcloak,accessory_cloak_darkknightcloak.png,src/assets/Items/Cloaks/accessory_cloak_darkknightcloak.png,darkknightcloak.png,
Cloaks,Accessories,Cloak,accessory_cloak,,donovancloak,accessory_cloak_donovancloak.png,src/assets/Items/Cloaks/accessory_cloak_donovancloak.png,donovancloak.png,
Cloaks,Accessories,Cloak,accessory_cloak,,druidcloak,accessory_cloak_druidcloak.png,src/assets/Items/Cloaks/accessory_cloak_druidcloak.png,druidcloak.png,
Cloaks,Accessories,Cloak,accessory_cloak,,egyptcloak,accessory_cloak_egyptcloak.png,src/assets/Items/Cloaks/accessory_cloak_egyptcloak.png,egyptcloak.png,
Cloaks,Accessories,Cloak,accessory_cloak,,elvencloak,accessory_cloak_elvencloak.png,src/assets/Items/Cloaks/accessory_cloak_elvencloak.png,elvencloak.png,
Cloaks,Accessories,Cloak,accessory_cloak,,empirecloak,accessory_cloak_empirecloak.png,src/assets/Items/Cloaks/accessory_cloak_empirecloak.png,empirecloak.png,
Cloaks,Accessories,Cloak,accessory_cloak,,fallcloak,accessory_cloak_fallcloak.png,src/assets/Items/Cloaks/accessory_cloak_fallcloak.png,fallcloak.png,
Cloaks,Accessories,Cloak,accessory_cloak,,frogcloak,accessory_cloak_frogcloak.png,src/assets/Items/Cloaks/accessory_cloak_frogcloak.png,frogcloak.png,
Cloaks,Accessories,Cloak,accessory_cloak,,furcloak,accessory_cloak_furcloak.png,src/assets/Items/Cloaks/accessory_cloak_furcloak.png,furcloak.png,
Cloaks,Accessories,Cloak,accessory_cloak,,goldcloak,accessory_cloak_goldcloak.png,src/assets/Items/Cloaks/accessory_cloak_goldcloak.png,goldcloak.png,
Cloaks,Accessories,Cloak,accessory_cloak,,junimaycloak,accessory_cloak_junimaycloak.png,src/assets/Items/Cloaks/accessory_cloak_junimaycloak.png,junimaycloak.png,
Cloaks,Accessories,Cloak,accessory_cloak,,lucky7cloak,accessory_cloak_lucky7cloak.png,src/assets/Items/Cloaks/accessory_cloak_lucky7cloak.png,lucky7cloak.png,
Cloaks,Accessories,Cloak,accessory_cloak,,platinumcloak,accessory_cloak_platinumcloak.png,src/assets/Items/Cloaks/accessory_cloak_platinumcloak.png,platinumcloak.png,
Cloaks,Accessories,Cloak,accessory_cloak,,scalecloak,accessory_cloak_scalecloak.png,src/assets/Items/Cloaks/accessory_cloak_scalecloak.png,scalecloak.png,
Cloaks,Accessories,Cloak,accessory_cloak,,siacloak,accessory_cloak_siacloak.png,src/assets/Items/Cloaks/accessory_cloak_siacloak.png,siacloak.png,
Cloaks,Accessories,Cloak,accessory_cloak,,squirecloak,accessory_cloak_squirecloak.png,src/assets/Items/Cloaks/accessory_cloak_squirecloak.png,squirecloak.png,
Cloaks,Accessories,Cloak,accessory_cloak,,starcloak,accessory_cloak_starcloak.png,src/assets/Items/Cloaks/accessory_cloak_starcloak.png,starcloak.png,
Cloaks,Accessories,Cloak,accessory_cloak,,t12cloak,accessory_cloak_t12cloak.png,src/assets/Items/Cloaks/accessory_cloak_t12cloak.png,t12cloak.png,
Cloaks,Accessories,Cloak,accessory_cloak,,t13cloak,accessory_cloak_t13cloak.png,src/assets/Items/Cloaks/accessory_cloak_t13cloak.png,t13cloak.png,
Cloaks,Accessories,Cloak,accessory_cloak,,t14cloak,accessory_cloak_t14cloak.png,src/assets/Items/Cloaks/accessory_cloak_t14cloak.png,t14cloak.png,
Cloaks,Accessories,Cloak,accessory_cloak,,t15cloak,accessory_cloak_t15cloak.png,src/assets/Items/Cloaks/accessory_cloak_t15cloak.png,t15cloak.png,
Cloaks,Accessories,Cloak,accessory_cloak,,t16cloak,accessory_cloak_t16cloak.png,src/assets/Items/Cloaks/accessory_cloak_t16cloak.png,t16cloak.png,
Cloaks,Accessories,Cloak,accessory_cloak,,tombcloak,accessory_cloak_tombcloak.png,src/assets/Items/Cloaks/accessory_cloak_tombcloak.png,tombcloak.png,
Cloaks,Accessories,Cloak,accessory_cloak,,wanderercloak,accessory_cloak_wanderercloak.png,src/assets/Items/Cloaks/accessory_cloak_wanderercloak.png,wanderercloak.png,
Clothes,Armor,Clothes,armor_clothes,,arabiantunic,armor_clothes_arabiantunic.png,src/assets/Items/Clothes/armor_clothes_arabiantunic.png,arabiantunic.png,
Clothes,Armor,Clothes,armor_clothes,,astravestimenta,armor_clothes_astravestimenta.png,src/assets/Items/Clothes/armor_clothes_astravestimenta.png,astravestimenta.png,
Clothes,Armor,Clothes,armor_clothes,,chronorobe,armor_clothes_chronorobe.png,src/assets/Items/Clothes/armor_clothes_chronorobe.png,chronorobe.png,
Clothes,Armor,Clothes,armor_clothes,,desertlightarmor,armor_clothes_desertlightarmor.png,src/assets/Items/Clothes/armor_clothes_desertlightarmor.png,desertlightarmor.png,
Clothes,Armor,Clothes,armor_clothes,,disciplerobe,armor_clothes_disciplerobe.png,src/assets/Items/Clothes/armor_clothes_disciplerobe.png,disciplerobe.png,
Clothes,Armor,Clothes,armor_clothes,,djinnrobes,armor_clothes_djinnrobes.png,src/assets/Items/Clothes/armor_clothes_djinnrobes.png,djinnrobes.png,
Clothes,Armor,Clothes,armor_clothes,,druidic,armor_clothes_druidic.png,src/assets/Items/Clothes/armor_clothes_druidic.png,druidic.png,
Clothes,Armor,Clothes,armor_clothes,,easterarmor2020,armor_clothes_easterarmor2020.png,src/assets/Items/Clothes/armor_clothes_easterarmor2020.png,easterarmor2020.png,
Clothes,Armor,Clothes,armor_clothes,,exploreroutfit,armor_clothes_exploreroutfit.png,src/assets/Items/Clothes/armor_clothes_exploreroutfit.png,exploreroutfit.png,
Clothes,Armor,Clothes,armor_clothes,,faerobe,armor_clothes_faerobe.png,src/assets/Items/Clothes/armor_clothes_faerobe.png,faerobe.png,
Clothes,Armor,Clothes,armor_clothes,,firemagerobe,armor_clothes_firemagerobe.png,src/assets/Items/Clothes/armor_clothes_firemagerobe.png,firemagerobe.png,
Clothes,Armor,Clothes,armor_clothes,,frogrobe,armor_clothes_frogrobe.png,src/assets/Items/Clothes/armor_clothes_frogrobe.png,frogrobe.png,
Clothes,Armor,Clothes,armor_clothes,,goldrobe2,armor_clothes_goldrobe2.png,src/assets/Items/Clothes/armor_clothes_goldrobe2.png,goldrobe2.png,
Clothes,Armor,Clothes,armor_clothes,,goldvestments,armor_clothes_goldvestments.png,src/assets/Items/Clothes/armor_clothes_goldvestments.png,goldvestments.png,
Clothes,Armor,Clothes,armor_clothes,,gothitarobe,armor_clothes_gothitarobe.png,src/assets/Items/Clothes/armor_clothes_gothitarobe.png,gothitarobe.png,
Clothes,Armor,Clothes,armor_clothes,,hemmadonrobe,armor_clothes_hemmadonrobe.png,src/assets/Items/Clothes/armor_clothes_hemmadonrobe.png,hemmadonrobe.png,
Clothes,Armor,Clothes,armor_clothes,,indiadayarmor,armor_clothes_indiadayarmor.png,src/assets/Items/Clothes/armor_clothes_indiadayarmor.png,indiadayarmor.png,
Clothes,Armor,Clothes,armor_clothes,,jurassicrobe,armor_clothes_jurassicrobe.png,src/assets/Items/Clothes/armor_clothes_jurassicrobe.png,jurassicrobe.png,
Clothes,Armor,Clothes,armor_clothes,,lunarrobe,armor_clothes_lunarrobe.png,src/assets/Items/Clothes/armor_clothes_lunarrobe.png,lunarrobe.png,
Clothes,Armor,Clothes,armor_clothes,,majesticraiments,armor_clothes_majesticraiments.png,src/assets/Items/Clothes/armor_clothes_majesticraiments.png,majesticraiments.png,
Clothes,Armor,Clothes,armor_clothes,,maladyrobe,armor_clothes_maladyrobe.png,src/assets/Items/Clothes/armor_clothes_maladyrobe.png,maladyrobe.png,
Clothes,Armor,Clothes,armor_clothes,,midnightapparel,armor_clothes_midnightapparel.png,src/assets/Items/Clothes/armor_clothes_midnightapparel.png,midnightapparel.png,
Clothes,Armor,Clothes,armor_clothes,,monkrobe,armor_clothes_monkrobe.png,src/assets/Items/Clothes/armor_clothes_monkrobe.png,monkrobe.png,
Clothes,Armor,Clothes,armor_clothes,,moonrobes,armor_clothes_moonrobes.png,src/assets/Items/Clothes/armor_clothes_moonrobes.png,moonrobes.png,
Clothes,Armor,Clothes,armor_clothes,,newyearrobe,armor_clothes_newyearrobe.png,src/assets/Items/Clothes/armor_clothes_newyearrobe.png,newyearrobe.png,
Clothes,Armor,Clothes,armor_clothes,,officerobe,armor_clothes_officerobe.png,src/assets/Items/Clothes/armor_clothes_officerobe.png,officerobe.png,
Clothes,Armor,Clothes,armor_clothes,,phoenixmagearmor,armor_clothes_phoenixmagearmor.png,src/assets/Items/Clothes/armor_clothes_phoenixmagearmor.png,phoenixmagearmor.png,
Clothes,Armor,Clothes,armor_clothes,,platinumrobe,armor_clothes_platinumrobe.png,src/assets/Items/Clothes/armor_clothes_platinumrobe.png,platinumrobe.png,
Clothes,Armor,Clothes,armor_clothes,,robe,armor_clothes_robe.png,src/assets/Items/Clothes/armor_clothes_robe.png,robe.png,
Clothes,Armor,Clothes,armor_clothes,,roserobe,armor_clothes_roserobe.png,src/assets/Items/Clothes/armor_clothes_roserobe.png,roserobe.png,
Clothes,Armor,Clothes,armor_clothes,,scholartunic,armor_clothes_scholartunic.png,src/assets/Items/Clothes/armor_clothes_scholartunic.png,scholartunic.png,
Clothes,Armor,Clothes,armor_clothes,,shamanvestment,armor_clothes_shamanvestment.png,src/assets/Items/Clothes/armor_clothes_shamanvestment.png,shamanvestment.png,
Clothes,Armor,Clothes,armor_clothes,,spellbladerobe,armor_clothes_spellbladerobe.png,src/assets/Items/Clothes/armor_clothes_spellbladerobe.png,spellbladerobe.png,
Clothes,Armor,Clothes,armor_clothes,,t12robe,armor_clothes_t12robe.png,src/assets/Items/Clothes/armor_clothes_t12robe.png,t12robe.png,
Clothes,Armor,Clothes,armor_clothes,,t13robe,armor_clothes_t13robe.png,src/assets/Items/Clothes/armor_clothes_t13robe.png,t13robe.png,
Clothes,Armor,Clothes,armor_clothes,,t14robe,armor_clothes_t14robe.png,src/assets/Items/Clothes/armor_clothes_t14robe.png,t14robe.png,
Clothes,Armor,Clothes,armor_clothes,,t15robe,armor_clothes_t15robe.png,src/assets/Items/Clothes/armor_clothes_t15robe.png,t15robe.png,
Clothes,Armor,Clothes,armor_clothes,,t16robe,armor_clothes_t16robe.png,src/assets/Items/Clothes/armor_clothes_t16robe.png,t16robe.png,
Clothes,Armor,Clothes,armor_clothes,,tailorarmor,armor_clothes_tailorarmor.png,src/assets/Items/Clothes/armor_clothes_tailorarmor.png,tailorarmor.png,
Clothes,Armor,Clothes,armor_clothes,,tunic,armor_clothes_tunic.png,src/assets/Items/Clothes/armor_clothes_tunic.png,tunic.png,
Clothes,Armor,Clothes,armor_clothes,,unicornrobe,armor_clothes_unicornrobe.png,src/assets/Items/Clothes/armor_clothes_unicornrobe.png,unicornrobe.png,
Clothes,Armor,Clothes,armor_clothes,,valentinerobe,armor_clothes_valentinerobe.png,src/assets/Items/Clothes/armor_clothes_valentinerobe.png,valentinerobe.png,
Clothes,Armor,Clothes,armor_clothes,,vampirerobe,armor_clothes_vampirerobe.png,src/assets/Items/Clothes/armor_clothes_vampirerobe.png,vampirerobe.png,
Clothes,Armor,Clothes,armor_clothes,,voidrobe,armor_clothes_voidrobe.png,src/assets/Items/Clothes/armor_clothes_voidrobe.png,voidrobe.png,
Clothes,Armor,Clothes,armor_clothes,,volcanorobe,armor_clothes_volcanorobe.png,src/assets/Items/Clothes/armor_clothes_volcanorobe.png,volcanorobe.png,
Clothes,Armor,Clothes,armor_clothes,,witchrobe,armor_clothes_witchrobe.png,src/assets/Items/Clothes/armor_clothes_witchrobe.png,witchrobe.png,
Clothes,Armor,Clothes,armor_clothes,,wizardrobe,armor_clothes_wizardrobe.png,src/assets/Items/Clothes/armor_clothes_wizardrobe.png,wizardrobe.png,
Clothes,Armor,Clothes,armor_clothes,,wonderlandrobe,armor_clothes_wonderlandrobe.png,src/assets/Items/Clothes/armor_clothes_wonderlandrobe.png,wonderlandrobe.png,
Crossbows,Weapons,Crossbow,weapon_crossbow,,airshipcrossbow,weapon_crossbow_airshipcrossbow.png,src/assets/Items/Crossbows/weapon_crossbow_airshipcrossbow.png,airshipcrossbow.png,
Crossbows,Weapons,Crossbow,weapon_crossbow,,batcrossbow,weapon_crossbow_batcrossbow.png,src/assets/Items/Crossbows/weapon_crossbow_batcrossbow.png,batcrossbow.png,
Crossbows,Weapons,Crossbow,weapon_crossbow,,chukonu,weapon_crossbow_chukonu.png,src/assets/Items/Crossbows/weapon_crossbow_chukonu.png,chukonu.png,
Crossbows,Weapons,Crossbow,weapon_crossbow,,crossbow,weapon_crossbow_crossbow.png,src/assets/Items/Crossbows/weapon_crossbow_crossbow.png,crossbow.png,
Crossbows,Weapons,Crossbow,weapon_crossbow,,dinocrossbow,weapon_crossbow_dinocrossbow.png,src/assets/Items/Crossbows/weapon_crossbow_dinocrossbow.png,dinocrossbow.png,
Crossbows,Weapons,Crossbow,weapon_crossbow,,doublecrossbow,weapon_crossbow_doublecrossbow.png,src/assets/Items/Crossbows/weapon_crossbow_doublecrossbow.png,doublecrossbow.png,
Crossbows,Weapons,Crossbow,weapon_crossbow,,dragoncrossbow,weapon_crossbow_dragoncrossbow.png,src/assets/Items/Crossbows/weapon_crossbow_dragoncrossbow.png,dragoncrossbow.png,
Crossbows,Weapons,Crossbow,weapon_crossbow,,dreamcrossbow,weapon_crossbow_dreamcrossbow.png,src/assets/Items/Crossbows/weapon_crossbow_dreamcrossbow.png,dreamcrossbow.png,
Crossbows,Weapons,Crossbow,weapon_crossbow,,goldcrossbow,weapon_crossbow_goldcrossbow.png,src/assets/Items/Crossbows/weapon_crossbow_goldcrossbow.png,goldcrossbow.png,
Crossbows,Weapons,Crossbow,weapon_crossbow,,handballista,weapon_crossbow_handballista.png,src/assets/Items/Crossbows/weapon_crossbow_handballista.png,handballista.png,
Crossbows,Weapons,Crossbow,weapon_crossbow,,handcrossbow,weapon_crossbow_handcrossbow.png,src/assets/Items/Crossbows/weapon_crossbow_handcrossbow.png,handcrossbow.png,
Crossbows,Weapons,Crossbow,weapon_crossbow,,heavycrossbow,weapon_crossbow_heavycrossbow.png,src/assets/Items/Crossbows/weapon_crossbow_heavycrossbow.png,heavycrossbow.png,
Crossbows,Weapons,Crossbow,weapon_crossbow,,huntercrossbow,weapon_crossbow_huntercrossbow.png,src/assets/Items/Crossbows/weapon_crossbow_huntercrossbow.png,huntercrossbow.png,
Crossbows,Weapons,Crossbow,weapon_crossbow,,lightcrossbow,weapon_crossbow_lightcrossbow.png,src/assets/Items/Crossbows/weapon_crossbow_lightcrossbow.png,lightcrossbow.png,
Crossbows,Weapons,Crossbow,weapon_crossbow,,platinumcrossbow,weapon_crossbow_platinumcrossbow.png,src/assets/Items/Crossbows/weapon_crossbow_platinumcrossbow.png,platinumcrossbow.png,
Crossbows,Weapons,Crossbow,weapon_crossbow,,scorpion,weapon_crossbow_scorpion.png,src/assets/Items/Crossbows/weapon_crossbow_scorpion.png,scorpion.png,
Crossbows,Weapons,Crossbow,weapon_crossbow,,t12crossbow,weapon_crossbow_t12crossbow.png,src/assets/Items/Crossbows/weapon_crossbow_t12crossbow.png,t12crossbow.png,
Crossbows,Weapons,Crossbow,weapon_crossbow,,t13crossbow,weapon_crossbow_t13crossbow.png,src/assets/Items/Crossbows/weapon_crossbow_t13crossbow.png,t13crossbow.png,
Crossbows,Weapons,Crossbow,weapon_crossbow,,t14crossbow,weapon_crossbow_t14crossbow.png,src/assets/Items/Crossbows/weapon_crossbow_t14crossbow.png,t14crossbow.png,
Crossbows,Weapons,Crossbow,weapon_crossbow,,t15crossbow,weapon_crossbow_t15crossbow.png,src/assets/Items/Crossbows/weapon_crossbow_t15crossbow.png,t15crossbow.png,
Crossbows,Weapons,Crossbow,weapon_crossbow,,t16crossbow,weapon_crossbow_t16crossbow.png,src/assets/Items/Crossbows/weapon_crossbow_t16crossbow.png,t16crossbow.png,
Crossbows,Weapons,Crossbow,weapon_crossbow,,thanksgivingcrossbow,weapon_crossbow_thanksgivingcrossbow.png,src/assets/Items/Crossbows/weapon_crossbow_thanksgivingcrossbow.png,thanksgivingcrossbow.png,
Crossbows,Weapons,Crossbow,weapon_crossbow,,thiefcrossbow,weapon_crossbow_thiefcrossbow.png,src/assets/Items/Crossbows/weapon_crossbow_thiefcrossbow.png,thiefcrossbow.png,
Crossbows,Weapons,Crossbow,weapon_crossbow,,titancrossbow,weapon_crossbow_titancrossbow.png,src/assets/Items/Crossbows/weapon_crossbow_titancrossbow.png,titancrossbow.png,
Crossbows,Weapons,Crossbow,weapon_crossbow,,triplecrossbow,weapon_crossbow_triplecrossbow.png,src/assets/Items/Crossbows/weapon_crossbow_triplecrossbow.png,triplecrossbow.png,
Crossbows,Weapons,Crossbow,weapon_crossbow,,troblincrossbow,weapon_crossbow_troblincrossbow.png,src/assets/Items/Crossbows/weapon_crossbow_troblincrossbow.png,troblincrossbow.png,
Crossbows,Weapons,Crossbow,weapon_crossbow,,wyrmthrower,weapon_crossbow_wyrmthrower.png,src/assets/Items/Crossbows/weapon_crossbow_wyrmthrower.png,wyrmthrower.png,
Daggers,Weapons,Dagger,weapon_dagger,,airdagger,weapon_dagger_airdagger.png,src/assets/Items/Daggers/weapon_dagger_airdagger.png,airdagger.png,
Daggers,Weapons,Dagger,weapon_dagger,,beachdagger,weapon_dagger_beachdagger.png,src/assets/Items/Daggers/weapon_dagger_beachdagger.png,beachdagger.png,
Daggers,Weapons,Dagger,weapon_dagger,,butterflyknife,weapon_dagger_butterflyknife.png,src/assets/Items/Daggers/weapon_dagger_butterflyknife.png,butterflyknife.png,
Daggers,Weapons,Dagger,weapon_dagger,,campingdagger,weapon_dagger_campingdagger.png,src/assets/Items/Daggers/weapon_dagger_campingdagger.png,campingdagger.png,
Daggers,Weapons,Dagger,weapon_dagger,,christmasdagger,weapon_dagger_christmasdagger.png,src/assets/Items/Daggers/weapon_dagger_christmasdagger.png,christmasdagger.png,
Daggers,Weapons,Dagger,weapon_dagger,,dagger,weapon_dagger_dagger.png,src/assets/Items/Daggers/weapon_dagger_dagger.png,dagger.png,
Daggers,Weapons,Dagger,weapon_dagger,,dinodagger,weapon_dagger_dinodagger.png,src/assets/Items/Daggers/weapon_dagger_dinodagger.png,dinodagger.png,
Daggers,Weapons,Dagger,weapon_dagger,,dirk,weapon_dagger_dirk.png,src/assets/Items/Daggers/weapon_dagger_dirk.png,dirk.png,
Daggers,Weapons,Dagger,weapon_dagger,,forestdagger,weapon_dagger_forestdagger.png,src/assets/Items/Daggers/weapon_dagger_forestdagger.png,forestdagger.png,
Daggers,Weapons,Dagger,weapon_dagger,,golddagger,weapon_dagger_golddagger.png,src/assets/Items/Daggers/weapon_dagger_golddagger.png,golddagger.png,
Daggers,Weapons,Dagger,weapon_dagger,,golddagger2,weapon_dagger_golddagger2.png,src/assets/Items/Daggers/weapon_dagger_golddagger2.png,golddagger2.png,
Daggers,Weapons,Dagger,weapon_dagger,,guttingknife,weapon_dagger_guttingknife.png,src/assets/Items/Daggers/weapon_dagger_guttingknife.png,guttingknife.png,
Daggers,Weapons,Dagger,weapon_dagger,,halloweendagger,weapon_dagger_halloweendagger.png,src/assets/Items/Daggers/weapon_dagger_halloweendagger.png,halloweendagger.png,
Daggers,Weapons,Dagger,weapon_dagger,,harpydagger,weapon_dagger_harpydagger.png,src/assets/Items/Daggers/weapon_dagger_harpydagger.png,harpydagger.png,
Daggers,Weapons,Dagger,weapon_dagger,,heartseeker,weapon_dagger_heartseeker.png,src/assets/Items/Daggers/weapon_dagger_heartseeker.png,heartseeker.png,
Daggers,Weapons,Dagger,weapon_dagger,,junimaydagger,weapon_dagger_junimaydagger.png,src/assets/Items/Daggers/weapon_dagger_junimaydagger.png,junimaydagger.png,
Daggers,Weapons,Dagger,weapon_dagger,,katar,weapon_dagger_katar.png,src/assets/Items/Daggers/weapon_dagger_katar.png,katar.png,
Daggers,Weapons,Dagger,weapon_dagger,,kitchenknife,weapon_dagger_kitchenknife.png,src/assets/Items/Daggers/weapon_dagger_kitchenknife.png,kitchenknife.png,
Daggers,Weapons,Dagger,weapon_dagger,,kris,weapon_dagger_kris.png,src/assets/Items/Daggers/weapon_dagger_kris.png,kris.png,
Daggers,Weapons,Dagger,weapon_dagger,,kunai,weapon_dagger_kunai.png,src/assets/Items/Daggers/weapon_dagger_kunai.png,kunai.png,
Daggers,Weapons,Dagger,weapon_dagger,,lunardagger,weapon_dagger_lunardagger.png,src/assets/Items/Daggers/weapon_dagger_lunardagger.png,lunardagger.png,
Daggers,Weapons,Dagger,weapon_dagger,,lunardagger2,weapon_dagger_lunardagger2.png,src/assets/Items/Daggers/weapon_dagger_lunardagger2.png,lunardagger2.png,
Daggers,Weapons,Dagger,weapon_dagger,,metaldagger,weapon_dagger_metaldagger.png,src/assets/Items/Daggers/weapon_dagger_metaldagger.png,metaldagger.png,
Daggers,Weapons,Dagger,weapon_dagger,,misericordia,weapon_dagger_misericordia.png,src/assets/Items/Daggers/weapon_dagger_misericordia.png,misericordia.png,
Daggers,Weapons,Dagger,weapon_dagger,,mushroomdagger,weapon_dagger_mushroomdagger.png,src/assets/Items/Daggers/weapon_dagger_mushroomdagger.png,mushroomdagger.png,
Daggers,Weapons,Dagger,weapon_dagger,,peakdagger,weapon_dagger_peakdagger.png,src/assets/Items/Daggers/weapon_dagger_peakdagger.png,peakdagger.png,
Daggers,Weapons,Dagger,weapon_dagger,,pendagger,weapon_dagger_pendagger.png,src/assets/Items/Daggers/weapon_dagger_pendagger.png,pendagger.png,
Daggers,Weapons,Dagger,weapon_dagger,,piratedagger,weapon_dagger_piratedagger.png,src/assets/Items/Daggers/weapon_dagger_piratedagger.png,piratedagger.png,
Daggers,Weapons,Dagger,weapon_dagger,,pizzadagger,weapon_dagger_pizzadagger.png,src/assets/Items/Daggers/weapon_dagger_pizzadagger.png,pizzadagger.png,
Daggers,Weapons,Dagger,weapon_dagger,,platinumdagger,weapon_dagger_platinumdagger.png,src/assets/Items/Daggers/weapon_dagger_platinumdagger.png,platinumdagger.png,
Daggers,Weapons,Dagger,weapon_dagger,,prismadagger,weapon_dagger_prismadagger.png,src/assets/Items/Daggers/weapon_dagger_prismadagger.png,prismadagger.png,
Daggers,Weapons,Dagger,weapon_dagger,,ruinsdagger,weapon_dagger_ruinsdagger.png,src/assets/Items/Daggers/weapon_dagger_ruinsdagger.png,ruinsdagger.png,
Daggers,Weapons,Dagger,weapon_dagger,,schooldagger2020,weapon_dagger_schooldagger2020.png,src/assets/Items/Daggers/weapon_dagger_schooldagger2020.png,schooldagger2020.png,
Daggers,Weapons,Dagger,weapon_dagger,,siadagger,weapon_dagger_siadagger.png,src/assets/Items/Daggers/weapon_dagger_siadagger.png,siadagger.png,
Daggers,Weapons,Dagger,weapon_dagger,,spacedagger,weapon_dagger_spacedagger.png,src/assets/Items/Daggers/weapon_dagger_spacedagger.png,spacedagger.png,
Daggers,Weapons,Dagger,weapon_dagger,,stpatrickdagger,weapon_dagger_stpatrickdagger.png,src/assets/Items/Daggers/weapon_dagger_stpatrickdagger.png,stpatrickdagger.png,
Daggers,Weapons,Dagger,weapon_dagger,,sultandagger,weapon_dagger_sultandagger.png,src/assets/Items/Daggers/weapon_dagger_sultandagger.png,sultandagger.png,
Daggers,Weapons,Dagger,weapon_dagger,,switchblade,weapon_dagger_switchblade.png,src/assets/Items/Daggers/weapon_dagger_switchblade.png,switchblade.png,
Daggers,Weapons,Dagger,weapon_dagger,,t12dagger,weapon_dagger_t12dagger.png,src/assets/Items/Daggers/weapon_dagger_t12dagger.png,t12dagger.png,
Daggers,Weapons,Dagger,weapon_dagger,,t13dagger,weapon_dagger_t13dagger.png,src/assets/Items/Daggers/weapon_dagger_t13dagger.png,t13dagger.png,
Daggers,Weapons,Dagger,weapon_dagger,,t14dagger,weapon_dagger_t14dagger.png,src/assets/Items/Daggers/weapon_dagger_t14dagger.png,t14dagger.png,
Daggers,Weapons,Dagger,weapon_dagger,,t15dagger,weapon_dagger_t15dagger.png,src/assets/Items/Daggers/weapon_dagger_t15dagger.png,t15dagger.png,
Daggers,Weapons,Dagger,weapon_dagger,,t16dagger,weapon_dagger_t16dagger.png,src/assets/Items/Daggers/weapon_dagger_t16dagger.png,t16dagger.png,
Daggers,Weapons,Dagger,weapon_dagger,,templedagger,weapon_dagger_templedagger.png,src/assets/Items/Daggers/weapon_dagger_templedagger.png,templedagger.png,
Daggers,Weapons,Dagger,weapon_dagger,,trolltooth,weapon_dagger_trolltooth.png,src/assets/Items/Daggers/weapon_dagger_trolltooth.png,trolltooth.png,
Daggers,Weapons,Dagger,weapon_dagger,,vampiredagger,weapon_dagger_vampiredagger.png,src/assets/Items/Daggers/weapon_dagger_vampiredagger.png,vampiredagger.png,
Daggers,Weapons,Dagger,weapon_dagger,,voiddagger,weapon_dagger_voiddagger.png,src/assets/Items/Daggers/weapon_dagger_voiddagger.png,voiddagger.png,
Daggers,Weapons,Dagger,weapon_dagger,,wiccandagger,weapon_dagger_wiccandagger.png,src/assets/Items/Daggers/weapon_dagger_wiccandagger.png,wiccandagger.png,
Daggers,Weapons,Dagger,weapon_dagger,,yamidagger,weapon_dagger_yamidagger.png,src/assets/Items/Daggers/weapon_dagger_yamidagger.png,yamidagger.png,
Desserts,Accessories,Dessert,accessory_dessert,,campingdessert,accessory_dessert_campingdessert.png,src/assets/Items/Desserts/accessory_dessert_campingdessert.png,campingdessert.png,
Desserts,Accessories,Dessert,accessory_dessert,,cheesecake,accessory_dessert_cheesecake.png,src/assets/Items/Desserts/accessory_dessert_cheesecake.png,cheesecake.png,
Desserts,Accessories,Dessert,accessory_dessert,,coconutcake,accessory_dessert_coconutcake.png,src/assets/Items/Desserts/accessory_dessert_coconutcake.png,coconutcake.png,
Desserts,Accessories,Dessert,accessory_dessert,,cookies,accessory_dessert_cookies.png,src/assets/Items/Desserts/accessory_dessert_cookies.png,cookies.png,
Desserts,Accessories,Dessert,accessory_dessert,,cookingdessert,accessory_dessert_cookingdessert.png,src/assets/Items/Desserts/accessory_dessert_cookingdessert.png,cookingdessert.png,
Desserts,Accessories,Dessert,accessory_dessert,,cornucopiadessert,accessory_dessert_cornucopiadessert.png,src/assets/Items/Desserts/accessory_dessert_cornucopiadessert.png,cornucopiadessert.png,
Desserts,Accessories,Dessert,accessory_dessert,,daifuku,accessory_dessert_daifuku.png,src/assets/Items/Desserts/accessory_dessert_daifuku.png,daifuku.png,
Desserts,Accessories,Dessert,accessory_dessert,,fairytaledessert,accessory_dessert_fairytaledessert.png,src/assets/Items/Desserts/accessory_dessert_fairytaledessert.png,fairytaledessert.png,
Desserts,Accessories,Dessert,accessory_dessert,,firecrabdessert,accessory_dessert_firecrabdessert.png,src/assets/Items/Desserts/accessory_dessert_firecrabdessert.png,firecrabdessert.png,
Desserts,Accessories,Dessert,accessory_dessert,,golddessert,accessory_dessert_golddessert.png,src/assets/Items/Desserts/accessory_dessert_golddessert.png,golddessert.png,
Desserts,Accessories,Dessert,accessory_dessert,,icecreamdessert,accessory_dessert_icecreamdessert.png,src/assets/Items/Desserts/accessory_dessert_icecreamdessert.png,icecreamdessert.png,
Desserts,Accessories,Dessert,accessory_dessert,,krampusdessert,accessory_dessert_krampusdessert.png,src/assets/Items/Desserts/accessory_dessert_krampusdessert.png,krampusdessert.png,
Desserts,Accessories,Dessert,accessory_dessert,,macaron,accessory_dessert_macaron.png,src/assets/Items/Desserts/accessory_dessert_macaron.png,macaron.png,
Desserts,Accessories,Dessert,accessory_dessert,,newyeardessert,accessory_dessert_newyeardessert.png,src/assets/Items/Desserts/accessory_dessert_newyeardessert.png,newyeardessert.png,
Desserts,Accessories,Dessert,accessory_dessert,,pineapplecake,accessory_dessert_pineapplecake.png,src/assets/Items/Desserts/accessory_dessert_pineapplecake.png,pineapplecake.png,
Desserts,Accessories,Dessert,accessory_dessert,,platinumdessert,accessory_dessert_platinumdessert.png,src/assets/Items/Desserts/accessory_dessert_platinumdessert.png,platinumdessert.png,
Desserts,Accessories,Dessert,accessory_dessert,,shavedice,accessory_dessert_shavedice.png,src/assets/Items/Desserts/accessory_dessert_shavedice.png,shavedice.png,
Desserts,Accessories,Dessert,accessory_dessert,,spiralcake,accessory_dessert_spiralcake.png,src/assets/Items/Desserts/accessory_dessert_spiralcake.png,spiralcake.png,
Desserts,Accessories,Dessert,accessory_dessert,,t12dessert,accessory_dessert_t12dessert.png,src/assets/Items/Desserts/accessory_dessert_t12dessert.png,t12dessert.png,
Desserts,Accessories,Dessert,accessory_dessert,,t13dessert,accessory_dessert_t13dessert.png,src/assets/Items/Desserts/accessory_dessert_t13dessert.png,t13dessert.png,
Desserts,Accessories,Dessert,accessory_dessert,,t14dessert,accessory_dessert_t14dessert.png,src/assets/Items/Desserts/accessory_dessert_t14dessert.png,t14dessert.png,
Desserts,Accessories,Dessert,accessory_dessert,,t15dessert,accessory_dessert_t15dessert.png,src/assets/Items/Desserts/accessory_dessert_t15dessert.png,t15dessert.png,
Desserts,Accessories,Dessert,accessory_dessert,,t16dessert,accessory_dessert_t16dessert.png,src/assets/Items/Desserts/accessory_dessert_t16dessert.png,t16dessert.png,
Desserts,Accessories,Dessert,accessory_dessert,,taiyaki,accessory_dessert_taiyaki.png,src/assets/Items/Desserts/accessory_dessert_taiyaki.png,taiyaki.png,
Desserts,Accessories,Dessert,accessory_dessert,,tuxedocake,accessory_dessert_tuxedocake.png,src/assets/Items/Desserts/accessory_dessert_tuxedocake.png,tuxedocake.png,
Desserts,Accessories,Dessert,accessory_dessert,,valentinedessert,accessory_dessert_valentinedessert.png,src/assets/Items/Desserts/accessory_dessert_valentinedessert.png,valentinedessert.png,
Dual Wields,Weapons,Dual Wield,weapon_dual_wield,,demondualwield,weapon_dual_wield_demondualwield.png,src/assets/Items/Dual Wields/weapon_dual_wield_demondualwield.png,demondualwield.png,
Dual Wields,Weapons,Dual Wield,weapon_dual_wield,,firecrabdualwield,weapon_dual_wield_firecrabdualwield.png,src/assets/Items/Dual Wields/weapon_dual_wield_firecrabdualwield.png,firecrabdualwield.png,
Dual Wields,Weapons,Dual Wield,weapon_dual_wield,,magnetmallets,weapon_dual_wield_magnetmallets.png,src/assets/Items/Dual Wields/weapon_dual_wield_magnetmallets.png,magnetmallets.png,
Dual Wields,Weapons,Dual Wield,weapon_dual_wield,,phoenixdualwield,weapon_dual_wield_phoenixdualwield.png,src/assets/Items/Dual Wields/weapon_dual_wield_phoenixdualwield.png,phoenixdualwield.png,
Dual Wields,Weapons,Dual Wield,weapon_dual_wield,,platinumdualwield,weapon_dual_wield_platinumdualwield.png,src/assets/Items/Dual Wields/weapon_dual_wield_platinumdualwield.png,platinumdualwield.png,
Dual Wields,Weapons,Dual Wield,weapon_dual_wield,,shoprdualwield,weapon_dual_wield_shoprdualwield.png,src/assets/Items/Dual Wields/weapon_dual_wield_shoprdualwield.png,shoprdualwield.png,
Dual Wields,Weapons,Dual Wield,weapon_dual_wield,,t10dualwield,weapon_dual_wield_t10dualwield.png,src/assets/Items/Dual Wields/weapon_dual_wield_t10dualwield.png,t10dualwield.png,
Dual Wields,Weapons,Dual Wield,weapon_dual_wield,,t11dualwield,weapon_dual_wield_t11dualwield.png,src/assets/Items/Dual Wields/weapon_dual_wield_t11dualwield.png,t11dualwield.png,
Dual Wields,Weapons,Dual Wield,weapon_dual_wield,,t12dualwield,weapon_dual_wield_t12dualwield.png,src/assets/Items/Dual Wields/weapon_dual_wield_t12dualwield.png,t12dualwield.png,
Dual Wields,Weapons,Dual Wield,weapon_dual_wield,,t13dualwield,weapon_dual_wield_t13dualwield.png,src/assets/Items/Dual Wields/weapon_dual_wield_t13dualwield.png,t13dualwield.png,
Dual Wields,Weapons,Dual Wield,weapon_dual_wield,,t14dualwield,weapon_dual_wield_t14dualwield.png,src/assets/Items/Dual Wields/weapon_dual_wield_t14dualwield.png,t14dualwield.png,
Dual Wields,Weapons,Dual Wield,weapon_dual_wield,,t15dualwield,weapon_dual_wield_t15dualwield.png,src/assets/Items/Dual Wields/weapon_dual_wield_t15dualwield.png,t15dualwield.png,
Dual Wields,Weapons,Dual Wield,weapon_dual_wield,,t16dualwield,weapon_dual_wield_t16dualwield.png,src/assets/Items/Dual Wields/weapon_dual_wield_t16dualwield.png,t16dualwield.png,
Dual Wields,Weapons,Dual Wield,weapon_dual_wield,,t5dualwield,weapon_dual_wield_t5dualwield.png,src/assets/Items/Dual Wields/weapon_dual_wield_t5dualwield.png,t5dualwield.png,
Dual Wields,Weapons,Dual Wield,weapon_dual_wield,,t6dualwield,weapon_dual_wield_t6dualwield.png,src/assets/Items/Dual Wields/weapon_dual_wield_t6dualwield.png,t6dualwield.png,
Dual Wields,Weapons,Dual Wield,weapon_dual_wield,,t7dualwield,weapon_dual_wield_t7dualwield.png,src/assets/Items/Dual Wields/weapon_dual_wield_t7dualwield.png,t7dualwield.png,
Dual Wields,Weapons,Dual Wield,weapon_dual_wield,,t8dualwield,weapon_dual_wield_t8dualwield.png,src/assets/Items/Dual Wields/weapon_dual_wield_t8dualwield.png,t8dualwield.png,
Dual Wields,Weapons,Dual Wield,weapon_dual_wield,,t9dualwield,weapon_dual_wield_t9dualwield.png,src/assets/Items/Dual Wields/weapon_dual_wield_t9dualwield.png,t9dualwield.png,
Elements,Enchantments,Element,element_air,,breeze,element_air_breeze.png,src/assets/Items/Elements/element_air_breeze.png,breeze.png,
Elements,Enchantments,Element,element_air,,gale,element_air_gale.png,src/assets/Items/Elements/element_air_gale.png,gale.png,
Elements,Enchantments,Element,element_air,,hurricane,element_air_hurricane.png,src/assets/Items/Elements/element_air_hurricane.png,hurricane.png,
Elements,Enchantments,Element,element_air,,t14air,element_air_t14air.png,src/assets/Items/Elements/element_air_t14air.png,t14air.png,
Elements,Enchantments,Element,element_air,,tempest,element_air_tempest.png,src/assets/Items/Elements/element_air_tempest.png,tempest.png,
Elements,Enchantments,Element,element_dark,,abyssal,element_dark_abyssal.png,src/assets/Items/Elements/element_dark_abyssal.png,abyssal.png,
Elements,Enchantments,Element,element_dark,,corrupted,element_dark_corrupted.png,src/assets/Items/Elements/element_dark_corrupted.png,corrupted.png,
Elements,Enchantments,Element,element_dark,,nightmare,element_dark_nightmare.png,src/assets/Items/Elements/element_dark_nightmare.png,nightmare.png,
Elements,Enchantments,Element,element_dark,,t14dark,element_dark_t14dark.png,src/assets/Items/Elements/element_dark_t14dark.png,t14dark.png,
Elements,Enchantments,Element,element_earth,,natural,element_earth_natural.png,src/assets/Items/Elements/element_earth_natural.png,natural.png,
Elements,Enchantments,Element,element_earth,,primal,element_earth_primal.png,src/assets/Items/Elements/element_earth_primal.png,primal.png,
Elements,Enchantments,Element,element_earth,,primeval,element_earth_primeval.png,src/assets/Items/Elements/element_earth_primeval.png,primeval.png,
Elements,Enchantments,Element,element_earth,,t14earth,element_earth_t14earth.png,src/assets/Items/Elements/element_earth_t14earth.png,t14earth.png,
Elements,Enchantments,Element,element_fire,,blaze,element_fire_blaze.png,src/assets/Items/Elements/element_fire_blaze.png,blaze.png,
Elements,Enchantments,Element,element_fire,,ember,element_fire_ember.png,src/assets/Items/Elements/element_fire_ember.png,ember.png,
Elements,Enchantments,Element,element_fire,,inferno,element_fire_inferno.png,src/assets/Items/Elements/element_fire_inferno.png,inferno.png,
Elements,Enchantments,Element,element_fire,,t14fire,element_fire_t14fire.png,src/assets/Items/Elements/element_fire_t14fire.png,t14fire.png,
Elements,Enchantments,Element,element_light,,divine,element_light_divine.png,src/assets/Items/Elements/element_light_divine.png,divine.png,
Elements,Enchantments,Element,element_light,,holy,element_light_holy.png,src/assets/Items/Elements/element_light_holy.png,holy.png,
Elements,Enchantments,Element,element_light,,light,element_light_light.png,src/assets/Items/Elements/element_light_light.png,light.png,
Elements,Enchantments,Element,element_light,,sacred,element_light_sacred.png,src/assets/Items/Elements/element_light_sacred.png,sacred.png,
Elements,Enchantments,Element,element_light,,t14light,element_light_t14light.png,src/assets/Items/Elements/element_light_t14light.png,t14light.png,
Elements,Enchantments,Element,element_light,,unholy,element_light_unholy.png,src/assets/Items/Elements/element_light_unholy.png,unholy.png,
Elements,Enchantments,Element,element_unknown,,flaming,element_unknown_flaming.png,src/assets/Items/Elements/element_unknown_flaming.png,flaming.png,
Elements,Enchantments,Element,element_unknown,,luxuriouselement,element_unknown_luxuriouselement.png,src/assets/Items/Elements/element_unknown_luxuriouselement.png,luxuriouselement.png,
Elements,Enchantments,Element,element_unknown,,opulentelement,element_unknown_opulentelement.png,src/assets/Items/Elements/element_unknown_opulentelement.png,opulentelement.png,
Elements,Enchantments,Element,element_unknown,,platinumelement,element_unknown_platinumelement.png,src/assets/Items/Elements/element_unknown_platinumelement.png,platinumelement.png,
Elements,Enchantments,Element,element_unknown,,wild,element_unknown_wild.png,src/assets/Items/Elements/element_unknown_wild.png,wild.png,
Elements,Enchantments,Element,element_water,,bubble,element_water_bubble.png,src/assets/Items/Elements/element_water_bubble.png,bubble.png,
Elements,Enchantments,Element,element_water,,flood,element_water_flood.png,src/assets/Items/Elements/element_water_flood.png,flood.png,
Elements,Enchantments,Element,element_water,,t14water,element_water_t14water.png,src/assets/Items/Elements/element_water_t14water.png,t14water.png,
Elements,Enchantments,Element,element_water,,tidal,element_water_tidal.png,src/assets/Items/Elements/element_water_tidal.png,tidal.png,
Elements,Enchantments,Element,element_water,,torrent,element_water_torrent.png,src/assets/Items/Elements/element_water_torrent.png,torrent.png,
Familiars,Accessories,Familiar,accessory_familiar,,alien_egg,accessory_familiar_alien_egg.png,src/assets/Items/Familiars/accessory_familiar_alien_egg.png,alien_egg.png,
Familiars,Accessories,Familiar,accessory_familiar,,alien,accessory_familiar_alien.png,src/assets/Items/Familiars/accessory_familiar_alien.png,alien.png,
Familiars,Accessories,Familiar,accessory_familiar,,anubis_egg,accessory_familiar_anubis_egg.png,src/assets/Items/Familiars/accessory_familiar_anubis_egg.png,anubis_egg.png,
Familiars,Accessories,Familiar,accessory_familiar,,anubis,accessory_familiar_anubis.png,src/assets/Items/Familiars/accessory_familiar_anubis.png,anubis.png,
Familiars,Accessories,Familiar,accessory_familiar,,cyclops_egg,accessory_familiar_cyclops_egg.png,src/assets/Items/Familiars/accessory_familiar_cyclops_egg.png,cyclops_egg.png,
Familiars,Accessories,Familiar,accessory_familiar,,cyclops,accessory_familiar_cyclops.png,src/assets/Items/Familiars/accessory_familiar_cyclops.png,cyclops.png,
Familiars,Accessories,Familiar,accessory_familiar,,dancingdragon_egg,accessory_familiar_dancingdragon_egg.png,src/assets/Items/Familiars/accessory_familiar_dancingdragon_egg.png,dancingdragon_egg.png,
Familiars,Accessories,Familiar,accessory_familiar,,dancingdragon,accessory_familiar_dancingdragon.png,src/assets/Items/Familiars/accessory_familiar_dancingdragon.png,dancingdragon.png,
Familiars,Accessories,Familiar,accessory_familiar,,demigod_egg,accessory_familiar_demigod_egg.png,src/assets/Items/Familiars/accessory_familiar_demigod_egg.png,demigod_egg.png,
Familiars,Accessories,Familiar,accessory_familiar,,demigod,accessory_familiar_demigod.png,src/assets/Items/Familiars/accessory_familiar_demigod.png,demigod.png,
Familiars,Accessories,Familiar,accessory_familiar,,firecrab_egg,accessory_familiar_firecrab_egg.png,src/assets/Items/Familiars/accessory_familiar_firecrab_egg.png,firecrab_egg.png,
Familiars,Accessories,Familiar,accessory_familiar,,firecrab,accessory_familiar_firecrab.png,src/assets/Items/Familiars/accessory_familiar_firecrab.png,firecrab.png,
Familiars,Accessories,Familiar,accessory_familiar,,goldgolem_egg,accessory_familiar_goldgolem_egg.png,src/assets/Items/Familiars/accessory_familiar_goldgolem_egg.png,goldgolem_egg.png,
Familiars,Accessories,Familiar,accessory_familiar,,goldgolem,accessory_familiar_goldgolem.png,src/assets/Items/Familiars/accessory_familiar_goldgolem.png,goldgolem.png,
Familiars,Accessories,Familiar,accessory_familiar,,harpy_egg,accessory_familiar_harpy_egg.png,src/assets/Items/Familiars/accessory_familiar_harpy_egg.png,harpy_egg.png,
Familiars,Accessories,Familiar,accessory_familiar,,harpy,accessory_familiar_harpy.png,src/assets/Items/Familiars/accessory_familiar_harpy.png,harpy.png,
Familiars,Accessories,Familiar,accessory_familiar,,kirin_egg,accessory_familiar_kirin_egg.png,src/assets/Items/Familiars/accessory_familiar_kirin_egg.png,kirin_egg.png,
Familiars,Accessories,Familiar,accessory_familiar,,kirin,accessory_familiar_kirin.png,src/assets/Items/Familiars/accessory_familiar_kirin.png,kirin.png,
Familiars,Accessories,Familiar,accessory_familiar,,mermaid_egg,accessory_familiar_mermaid_egg.png,src/assets/Items/Familiars/accessory_familiar_mermaid_egg.png,mermaid_egg.png,
Familiars,Accessories,Familiar,accessory_familiar,,mermaid,accessory_familiar_mermaid.png,src/assets/Items/Familiars/accessory_familiar_mermaid.png,mermaid.png,
Familiars,Accessories,Familiar,accessory_familiar,,mushgoon_egg,accessory_familiar_mushgoon_egg.png,src/assets/Items/Familiars/accessory_familiar_mushgoon_egg.png,mushgoon_egg.png,
Familiars,Accessories,Familiar,accessory_familiar,,mushgoon,accessory_familiar_mushgoon.png,src/assets/Items/Familiars/accessory_familiar_mushgoon.png,mushgoon.png,
Familiars,Accessories,Familiar,accessory_familiar,,platinumgolem_egg,accessory_familiar_platinumgolem_egg.png,src/assets/Items/Familiars/accessory_familiar_platinumgolem_egg.png,platinumgolem_egg.png,
Familiars,Accessories,Familiar,accessory_familiar,,platinumgolem,accessory_familiar_platinumgolem.png,src/assets/Items/Familiars/accessory_familiar_platinumgolem.png,platinumgolem.png,
Familiars,Accessories,Familiar,accessory_familiar,,toadwitch_egg,accessory_familiar_toadwitch_egg.png,src/assets/Items/Familiars/accessory_familiar_toadwitch_egg.png,toadwitch_egg.png,
Familiars,Accessories,Familiar,accessory_familiar,,toadwitch,accessory_familiar_toadwitch.png,src/assets/Items/Familiars/accessory_familiar_toadwitch.png,toadwitch.png,
Familiars,Accessories,Familiar,accessory_familiar,,trex_egg,accessory_familiar_trex_egg.png,src/assets/Items/Familiars/accessory_familiar_trex_egg.png,trex_egg.png,
Familiars,Accessories,Familiar,accessory_familiar,,trex,accessory_familiar_trex.png,src/assets/Items/Familiars/accessory_familiar_trex.png,trex.png,
Familiars,Accessories,Familiar,accessory_familiar,,troblin_egg,accessory_familiar_troblin_egg.png,src/assets/Items/Familiars/accessory_familiar_troblin_egg.png,troblin_egg.png,
Familiars,Accessories,Familiar,accessory_familiar,,troblin,accessory_familiar_troblin.png,src/assets/Items/Familiars/accessory_familiar_troblin.png,troblin.png,
Familiars,Accessories,Familiar,accessory_familiar,,tyrantking_egg,accessory_familiar_tyrantking_egg.png,src/assets/Items/Familiars/accessory_familiar_tyrantking_egg.png,tyrantking_egg.png,
Familiars,Accessories,Familiar,accessory_familiar,,tyrantking,accessory_familiar_tyrantking.png,src/assets/Items/Familiars/accessory_familiar_tyrantking.png,tyrantking.png,
Familiars,Accessories,Familiar,accessory_familiar,,voidling_egg,accessory_familiar_voidling_egg.png,src/assets/Items/Familiars/accessory_familiar_voidling_egg.png,voidling_egg.png,
Familiars,Accessories,Familiar,accessory_familiar,,voidling,accessory_familiar_voidling.png,src/assets/Items/Familiars/accessory_familiar_voidling.png,voidling.png,
Familiars,Accessories,Familiar,accessory_familiar,,yeti_egg,accessory_familiar_yeti_egg.png,src/assets/Items/Familiars/accessory_familiar_yeti_egg.png,yeti_egg.png,
Familiars,Accessories,Familiar,accessory_familiar,,yeti,accessory_familiar_yeti.png,src/assets/Items/Familiars/accessory_familiar_yeti.png,yeti.png,
Gauntlets,Armor,Gauntlets,armor_gauntlets,,aegirgauntlets,armor_gauntlets_aegirgauntlets.png,src/assets/Items/Gauntlets/armor_gauntlets_aegirgauntlets.png,aegirgauntlets.png,
Gauntlets,Armor,Gauntlets,armor_gauntlets,,aliengauntlets,armor_gauntlets_aliengauntlets.png,src/assets/Items/Gauntlets/armor_gauntlets_aliengauntlets.png,aliengauntlets.png,
Gauntlets,Armor,Gauntlets,armor_gauntlets,,arcadegauntlets,armor_gauntlets_arcadegauntlets.png,src/assets/Items/Gauntlets/armor_gauntlets_arcadegauntlets.png,arcadegauntlets.png,
Gauntlets,Armor,Gauntlets,armor_gauntlets,,berserkergauntlets,armor_gauntlets_berserkergauntlets.png,src/assets/Items/Gauntlets/armor_gauntlets_berserkergauntlets.png,berserkergauntlets.png,
Gauntlets,Armor,Gauntlets,armor_gauntlets,,biomechgauntlets,armor_gauntlets_biomechgauntlets.png,src/assets/Items/Gauntlets/armor_gauntlets_biomechgauntlets.png,biomechgauntlets.png,
Gauntlets,Armor,Gauntlets,armor_gauntlets,,buggauntlets,armor_gauntlets_buggauntlets.png,src/assets/Items/Gauntlets/armor_gauntlets_buggauntlets.png,buggauntlets.png,
Gauntlets,Armor,Gauntlets,armor_gauntlets,,celestialgauntlets,armor_gauntlets_celestialgauntlets.png,src/assets/Items/Gauntlets/armor_gauntlets_celestialgauntlets.png,celestialgauntlets.png,
Gauntlets,Armor,Gauntlets,armor_gauntlets,,christmasgauntlets,armor_gauntlets_christmasgauntlets.png,src/assets/Items/Gauntlets/armor_gauntlets_christmasgauntlets.png,christmasgauntlets.png,
Gauntlets,Armor,Gauntlets,armor_gauntlets,,christmasgauntlets2,armor_gauntlets_christmasgauntlets2.png,src/assets/Items/Gauntlets/armor_gauntlets_christmasgauntlets2.png,christmasgauntlets2.png,
Gauntlets,Armor,Gauntlets,armor_gauntlets,,cincogauntlets,armor_gauntlets_cincogauntlets.png,src/assets/Items/Gauntlets/armor_gauntlets_cincogauntlets.png,cincogauntlets.png,
Gauntlets,Armor,Gauntlets,armor_gauntlets,,cyclopsgauntlets,armor_gauntlets_cyclopsgauntlets.png,src/assets/Items/Gauntlets/armor_gauntlets_cyclopsgauntlets.png,cyclopsgauntlets.png,
Gauntlets,Armor,Gauntlets,armor_gauntlets,,darkgauntlets,armor_gauntlets_darkgauntlets.png,src/assets/Items/Gauntlets/armor_gauntlets_darkgauntlets.png,darkgauntlets.png,
Gauntlets,Armor,Gauntlets,armor_gauntlets,,darkknightgauntlets,armor_gauntlets_darkknightgauntlets.png,src/assets/Items/Gauntlets/armor_gauntlets_darkknightgauntlets.png,darkknightgauntlets.png,
Gauntlets,Armor,Gauntlets,armor_gauntlets,,demigauntlets,armor_gauntlets_demigauntlets.png,src/assets/Items/Gauntlets/armor_gauntlets_demigauntlets.png,demigauntlets.png,
Gauntlets,Armor,Gauntlets,armor_gauntlets,,demigodgauntlets,armor_gauntlets_demigodgauntlets.png,src/assets/Items/Gauntlets/armor_gauntlets_demigodgauntlets.png,demigodgauntlets.png,
Gauntlets,Armor,Gauntlets,armor_gauntlets,,desertgauntlets,armor_gauntlets_desertgauntlets.png,src/assets/Items/Gauntlets/armor_gauntlets_desertgauntlets.png,desertgauntlets.png,
Gauntlets,Armor,Gauntlets,armor_gauntlets,,dieselpunkgauntlets,armor_gauntlets_dieselpunkgauntlets.png,src/assets/Items/Gauntlets/armor_gauntlets_dieselpunkgauntlets.png,dieselpunkgauntlets.png,
Gauntlets,Armor,Gauntlets,armor_gauntlets,,fallgauntlets,armor_gauntlets_fallgauntlets.png,src/assets/Items/Gauntlets/armor_gauntlets_fallgauntlets.png,fallgauntlets.png,
Gauntlets,Armor,Gauntlets,armor_gauntlets,,fruitgauntlets,armor_gauntlets_fruitgauntlets.png,src/assets/Items/Gauntlets/armor_gauntlets_fruitgauntlets.png,fruitgauntlets.png,
Gauntlets,Armor,Gauntlets,armor_gauntlets,,gauntlets,armor_gauntlets_gauntlets.png,src/assets/Items/Gauntlets/armor_gauntlets_gauntlets.png,gauntlets.png,
Gauntlets,Armor,Gauntlets,armor_gauntlets,,generalgauntlets,armor_gauntlets_generalgauntlets.png,src/assets/Items/Gauntlets/armor_gauntlets_generalgauntlets.png,generalgauntlets.png,
Gauntlets,Armor,Gauntlets,armor_gauntlets,,goldgauntlets,armor_gauntlets_goldgauntlets.png,src/assets/Items/Gauntlets/armor_gauntlets_goldgauntlets.png,goldgauntlets.png,
Gauntlets,Armor,Gauntlets,armor_gauntlets,,goldgauntlets2,armor_gauntlets_goldgauntlets2.png,src/assets/Items/Gauntlets/armor_gauntlets_goldgauntlets2.png,goldgauntlets2.png,
Gauntlets,Armor,Gauntlets,armor_gauntlets,,indiadaygauntlets,armor_gauntlets_indiadaygauntlets.png,src/assets/Items/Gauntlets/armor_gauntlets_indiadaygauntlets.png,indiadaygauntlets.png,
Gauntlets,Armor,Gauntlets,armor_gauntlets,,ironbracers,armor_gauntlets_ironbracers.png,src/assets/Items/Gauntlets/armor_gauntlets_ironbracers.png,ironbracers.png,
Gauntlets,Armor,Gauntlets,armor_gauntlets,,juggernautgauntlets,armor_gauntlets_juggernautgauntlets.png,src/assets/Items/Gauntlets/armor_gauntlets_juggernautgauntlets.png,juggernautgauntlets.png,
Gauntlets,Armor,Gauntlets,armor_gauntlets,,knightgauntlets,armor_gauntlets_knightgauntlets.png,src/assets/Items/Gauntlets/armor_gauntlets_knightgauntlets.png,knightgauntlets.png,
Gauntlets,Armor,Gauntlets,armor_gauntlets,,kote,armor_gauntlets_kote.png,src/assets/Items/Gauntlets/armor_gauntlets_kote.png,kote.png,
Gauntlets,Armor,Gauntlets,armor_gauntlets,,lightgauntlets,armor_gauntlets_lightgauntlets.png,src/assets/Items/Gauntlets/armor_gauntlets_lightgauntlets.png,lightgauntlets.png,
Gauntlets,Armor,Gauntlets,armor_gauntlets,,lucky7gauntlets,armor_gauntlets_lucky7gauntlets.png,src/assets/Items/Gauntlets/armor_gauntlets_lucky7gauntlets.png,lucky7gauntlets.png,
Gauntlets,Armor,Gauntlets,armor_gauntlets,,lunargauntlets,armor_gauntlets_lunargauntlets.png,src/assets/Items/Gauntlets/armor_gauntlets_lunargauntlets.png,lunargauntlets.png,
Gauntlets,Armor,Gauntlets,armor_gauntlets,,mechagauntlets,armor_gauntlets_mechagauntlets.png,src/assets/Items/Gauntlets/armor_gauntlets_mechagauntlets.png,mechagauntlets.png,
Gauntlets,Armor,Gauntlets,armor_gauntlets,,mushroomgauntlets,armor_gauntlets_mushroomgauntlets.png,src/assets/Items/Gauntlets/armor_gauntlets_mushroomgauntlets.png,mushroomgauntlets.png,
Gauntlets,Armor,Gauntlets,armor_gauntlets,,naturegauntlets,armor_gauntlets_naturegauntlets.png,src/assets/Items/Gauntlets/armor_gauntlets_naturegauntlets.png,naturegauntlets.png,
Gauntlets,Armor,Gauntlets,armor_gauntlets,,oktoberfestgauntlets,armor_gauntlets_oktoberfestgauntlets.png,src/assets/Items/Gauntlets/armor_gauntlets_oktoberfestgauntlets.png,oktoberfestgauntlets.png,
Gauntlets,Armor,Gauntlets,armor_gauntlets,,paladingauntlets,armor_gauntlets_paladingauntlets.png,src/assets/Items/Gauntlets/armor_gauntlets_paladingauntlets.png,paladingauntlets.png,
Gauntlets,Armor,Gauntlets,armor_gauntlets,,platinumgauntlets,armor_gauntlets_platinumgauntlets.png,src/assets/Items/Gauntlets/armor_gauntlets_platinumgauntlets.png,platinumgauntlets.png,
Gauntlets,Armor,Gauntlets,armor_gauntlets,,plushiegauntlets,armor_gauntlets_plushiegauntlets.png,src/assets/Items/Gauntlets/armor_gauntlets_plushiegauntlets.png,plushiegauntlets.png,
Gauntlets,Armor,Gauntlets,armor_gauntlets,,pumpkingauntlets,armor_gauntlets_pumpkingauntlets.png,src/assets/Items/Gauntlets/armor_gauntlets_pumpkingauntlets.png,pumpkingauntlets.png,
Gauntlets,Armor,Gauntlets,armor_gauntlets,,shoprgauntlets,armor_gauntlets_shoprgauntlets.png,src/assets/Items/Gauntlets/armor_gauntlets_shoprgauntlets.png,shoprgauntlets.png,
Gauntlets,Armor,Gauntlets,armor_gauntlets,,supergauntlets,armor_gauntlets_supergauntlets.png,src/assets/Items/Gauntlets/armor_gauntlets_supergauntlets.png,supergauntlets.png,
Gauntlets,Armor,Gauntlets,armor_gauntlets,,t12gauntlets,armor_gauntlets_t12gauntlets.png,src/assets/Items/Gauntlets/armor_gauntlets_t12gauntlets.png,t12gauntlets.png,
Gauntlets,Armor,Gauntlets,armor_gauntlets,,t13gauntlets,armor_gauntlets_t13gauntlets.png,src/assets/Items/Gauntlets/armor_gauntlets_t13gauntlets.png,t13gauntlets.png,
Gauntlets,Armor,Gauntlets,armor_gauntlets,,t14gauntlets,armor_gauntlets_t14gauntlets.png,src/assets/Items/Gauntlets/armor_gauntlets_t14gauntlets.png,t14gauntlets.png,
Gauntlets,Armor,Gauntlets,armor_gauntlets,,t15gauntlets,armor_gauntlets_t15gauntlets.png,src/assets/Items/Gauntlets/armor_gauntlets_t15gauntlets.png,t15gauntlets.png,
Gauntlets,Armor,Gauntlets,armor_gauntlets,,t16gauntlets,armor_gauntlets_t16gauntlets.png,src/assets/Items/Gauntlets/armor_gauntlets_t16gauntlets.png,t16gauntlets.png,
Gauntlets,Armor,Gauntlets,armor_gauntlets,,wintergauntlets,armor_gauntlets_wintergauntlets.png,src/assets/Items/Gauntlets/armor_gauntlets_wintergauntlets.png,wintergauntlets.png,
Gloves,Armor,Gloves,armor_gloves,,birdgloves,armor_gloves_birdgloves.png,src/assets/Items/Gloves/armor_gloves_birdgloves.png,birdgloves.png,
Gloves,Armor,Gloves,armor_gloves,,blossomgloves,armor_gloves_blossomgloves.png,src/assets/Items/Gloves/armor_gloves_blossomgloves.png,blossomgloves.png,
Gloves,Armor,Gloves,armor_gloves,,bracers,armor_gloves_bracers.png,src/assets/Items/Gloves/armor_gloves_bracers.png,bracers.png,
Gloves,Armor,Gloves,armor_gloves,,campinggloves,armor_gloves_campinggloves.png,src/assets/Items/Gloves/armor_gloves_campinggloves.png,campinggloves.png,
Gloves,Armor,Gloves,armor_gloves,,captaingloves,armor_gloves_captaingloves.png,src/assets/Items/Gloves/armor_gloves_captaingloves.png,captaingloves.png,
Gloves,Armor,Gloves,armor_gloves,,catgloves,armor_gloves_catgloves.png,src/assets/Items/Gloves/armor_gloves_catgloves.png,catgloves.png,
Gloves,Armor,Gloves,armor_gloves,,cincogloves,armor_gloves_cincogloves.png,src/assets/Items/Gloves/armor_gloves_cincogloves.png,cincogloves.png,
Gloves,Armor,Gloves,armor_gloves,,desertgloves,armor_gloves_desertgloves.png,src/assets/Items/Gloves/armor_gloves_desertgloves.png,desertgloves.png,
Gloves,Armor,Gloves,armor_gloves,,dragongloves,armor_gloves_dragongloves.png,src/assets/Items/Gloves/armor_gloves_dragongloves.png,dragongloves.png,
Gloves,Armor,Gloves,armor_gloves,,eastergloves2020,armor_gloves_eastergloves2020.png,src/assets/Items/Gloves/armor_gloves_eastergloves2020.png,eastergloves2020.png,
Gloves,Armor,Gloves,armor_gloves,,fireicegloves,armor_gloves_fireicegloves.png,src/assets/Items/Gloves/armor_gloves_fireicegloves.png,fireicegloves.png,
Gloves,Armor,Gloves,armor_gloves,,goldgloves,armor_gloves_goldgloves.png,src/assets/Items/Gloves/armor_gloves_goldgloves.png,goldgloves.png,
Gloves,Armor,Gloves,armor_gloves,,gothitagloves,armor_gloves_gothitagloves.png,src/assets/Items/Gloves/armor_gloves_gothitagloves.png,gothitagloves.png,
Gloves,Armor,Gloves,armor_gloves,,grottogloves,armor_gloves_grottogloves.png,src/assets/Items/Gloves/armor_gloves_grottogloves.png,grottogloves.png,
Gloves,Armor,Gloves,armor_gloves,,halloweengloves,armor_gloves_halloweengloves.png,src/assets/Items/Gloves/armor_gloves_halloweengloves.png,halloweengloves.png,
Gloves,Armor,Gloves,armor_gloves,,jackalopegloves,armor_gloves_jackalopegloves.png,src/assets/Items/Gloves/armor_gloves_jackalopegloves.png,jackalopegloves.png,
Gloves,Armor,Gloves,armor_gloves,,leathergloves,armor_gloves_leathergloves.png,src/assets/Items/Gloves/armor_gloves_leathergloves.png,leathergloves.png,
Gloves,Armor,Gloves,armor_gloves,,lunargloves,armor_gloves_lunargloves.png,src/assets/Items/Gloves/armor_gloves_lunargloves.png,lunargloves.png,
Gloves,Armor,Gloves,armor_gloves,,lunargloves2,armor_gloves_lunargloves2.png,src/assets/Items/Gloves/armor_gloves_lunargloves2.png,lunargloves2.png,
Gloves,Armor,Gloves,armor_gloves,,magicalgirlgloves,armor_gloves_magicalgirlgloves.png,src/assets/Items/Gloves/armor_gloves_magicalgirlgloves.png,magicalgirlgloves.png,
Gloves,Armor,Gloves,armor_gloves,,magicgloves,armor_gloves_magicgloves.png,src/assets/Items/Gloves/armor_gloves_magicgloves.png,magicgloves.png,
Gloves,Armor,Gloves,armor_gloves,,musketeergloves,armor_gloves_musketeergloves.png,src/assets/Items/Gloves/armor_gloves_musketeergloves.png,musketeergloves.png,
Gloves,Armor,Gloves,armor_gloves,,newyeargloves,armor_gloves_newyeargloves.png,src/assets/Items/Gloves/armor_gloves_newyeargloves.png,newyeargloves.png,
Gloves,Armor,Gloves,armor_gloves,,ninjagloves,armor_gloves_ninjagloves.png,src/assets/Items/Gloves/armor_gloves_ninjagloves.png,ninjagloves.png,
Gloves,Armor,Gloves,armor_gloves,,oktobergloves,armor_gloves_oktobergloves.png,src/assets/Items/Gloves/armor_gloves_oktobergloves.png,oktobergloves.png,
Gloves,Armor,Gloves,armor_gloves,,patchworkgloves,armor_gloves_patchworkgloves.png,src/assets/Items/Gloves/armor_gloves_patchworkgloves.png,patchworkgloves.png,
Gloves,Armor,Gloves,armor_gloves,,pirategloves,armor_gloves_pirategloves.png,src/assets/Items/Gloves/armor_gloves_pirategloves.png,pirategloves.png,
Gloves,Armor,Gloves,armor_gloves,,platinumgloves,armor_gloves_platinumgloves.png,src/assets/Items/Gloves/armor_gloves_platinumgloves.png,platinumgloves.png,
Gloves,Armor,Gloves,armor_gloves,,pumpkingloves,armor_gloves_pumpkingloves.png,src/assets/Items/Gloves/armor_gloves_pumpkingloves.png,pumpkingloves.png,
Gloves,Armor,Gloves,armor_gloves,,rosegloves,armor_gloves_rosegloves.png,src/assets/Items/Gloves/armor_gloves_rosegloves.png,rosegloves.png,
Gloves,Armor,Gloves,armor_gloves,,savagegloves,armor_gloves_savagegloves.png,src/assets/Items/Gloves/armor_gloves_savagegloves.png,savagegloves.png,
Gloves,Armor,Gloves,armor_gloves,,shoprgloves,armor_gloves_shoprgloves.png,src/assets/Items/Gloves/armor_gloves_shoprgloves.png,shoprgloves.png,
Gloves,Armor,Gloves,armor_gloves,,siagloves,armor_gloves_siagloves.png,src/assets/Items/Gloves/armor_gloves_siagloves.png,siagloves.png,
Gloves,Armor,Gloves,armor_gloves,,spacegloves,armor_gloves_spacegloves.png,src/assets/Items/Gloves/armor_gloves_spacegloves.png,spacegloves.png,
Gloves,Armor,Gloves,armor_gloves,,studdedleathergloves,armor_gloves_studdedleathergloves.png,src/assets/Items/Gloves/armor_gloves_studdedleathergloves.png,studdedleathergloves.png,
Gloves,Armor,Gloves,armor_gloves,,t12gloves,armor_gloves_t12gloves.png,src/assets/Items/Gloves/armor_gloves_t12gloves.png,t12gloves.png,
Gloves,Armor,Gloves,armor_gloves,,t13gloves,armor_gloves_t13gloves.png,src/assets/Items/Gloves/armor_gloves_t13gloves.png,t13gloves.png,
Gloves,Armor,Gloves,armor_gloves,,t14gloves,armor_gloves_t14gloves.png,src/assets/Items/Gloves/armor_gloves_t14gloves.png,t14gloves.png,
Gloves,Armor,Gloves,armor_gloves,,t15gloves,armor_gloves_t15gloves.png,src/assets/Items/Gloves/armor_gloves_t15gloves.png,t15gloves.png,
Gloves,Armor,Gloves,armor_gloves,,t16gloves,armor_gloves_t16gloves.png,src/assets/Items/Gloves/armor_gloves_t16gloves.png,t16gloves.png,
Gloves,Armor,Gloves,armor_gloves,,thiefgloves,armor_gloves_thiefgloves.png,src/assets/Items/Gloves/armor_gloves_thiefgloves.png,thiefgloves.png,
Gloves,Armor,Gloves,armor_gloves,,vambraces,armor_gloves_vambraces.png,src/assets/Items/Gloves/armor_gloves_vambraces.png,vambraces.png,
Gloves,Armor,Gloves,armor_gloves,,varsitygloves,armor_gloves_varsitygloves.png,src/assets/Items/Gloves/armor_gloves_varsitygloves.png,varsitygloves.png,
Gloves,Armor,Gloves,armor_gloves,,vipgloves,armor_gloves_vipgloves.png,src/assets/Items/Gloves/armor_gloves_vipgloves.png,vipgloves.png,
Gloves,Armor,Gloves,armor_gloves,,volcanogloves,armor_gloves_volcanogloves.png,src/assets/Items/Gloves/armor_gloves_volcanogloves.png,volcanogloves.png,
Gloves,Armor,Gloves,armor_gloves,,werewolfgloves,armor_gloves_werewolfgloves.png,src/assets/Items/Gloves/armor_gloves_werewolfgloves.png,werewolfgloves.png,
Gloves,Armor,Gloves,armor_gloves,,windrunnergloves,armor_gloves_windrunnergloves.png,src/assets/Items/Gloves/armor_gloves_windrunnergloves.png,windrunnergloves.png,
Gloves,Armor,Gloves,armor_gloves,,yamigloves,armor_gloves_yamigloves.png,src/assets/Items/Gloves/armor_gloves_yamigloves.png,yamigloves.png,
Guns,Weapons,Gun,weapon_gun,,arcadegun,weapon_gun_arcadegun.png,src/assets/Items/Guns/weapon_gun_arcadegun.png,arcadegun.png,
Guns,Weapons,Gun,weapon_gun,,arcadegun2,weapon_gun_arcadegun2.png,src/assets/Items/Guns/weapon_gun_arcadegun2.png,arcadegun2.png,
Guns,Weapons,Gun,weapon_gun,,artifactgun,weapon_gun_artifactgun.png,src/assets/Items/Guns/weapon_gun_artifactgun.png,artifactgun.png,
Guns,Weapons,Gun,weapon_gun,,barrelgun,weapon_gun_barrelgun.png,src/assets/Items/Guns/weapon_gun_barrelgun.png,barrelgun.png,
Guns,Weapons,Gun,weapon_gun,,biomechgun,weapon_gun_biomechgun.png,src/assets/Items/Guns/weapon_gun_biomechgun.png,biomechgun.png,
Guns,Weapons,Gun,weapon_gun,,blunderbuss,weapon_gun_blunderbuss.png,src/assets/Items/Guns/weapon_gun_blunderbuss.png,blunderbuss.png,
Guns,Weapons,Gun,weapon_gun,,christmasgun,weapon_gun_christmasgun.png,src/assets/Items/Guns/weapon_gun_christmasgun.png,christmasgun.png,
Guns,Weapons,Gun,weapon_gun,,dieselpunkgun,weapon_gun_dieselpunkgun.png,src/assets/Items/Guns/weapon_gun_dieselpunkgun.png,dieselpunkgun.png,
Guns,Weapons,Gun,weapon_gun,,disintegratorgun,weapon_gun_disintegratorgun.png,src/assets/Items/Guns/weapon_gun_disintegratorgun.png,disintegratorgun.png,
Guns,Weapons,Gun,weapon_gun,,doggun,weapon_gun_doggun.png,src/assets/Items/Guns/weapon_gun_doggun.png,doggun.png,
Guns,Weapons,Gun,weapon_gun,,doublebarrel,weapon_gun_doublebarrel.png,src/assets/Items/Guns/weapon_gun_doublebarrel.png,doublebarrel.png,
Guns,Weapons,Gun,weapon_gun,,dragonator,weapon_gun_dragonator.png,src/assets/Items/Guns/weapon_gun_dragonator.png,dragonator.png,
Guns,Weapons,Gun,weapon_gun,,flintlockpistol,weapon_gun_flintlockpistol.png,src/assets/Items/Guns/weapon_gun_flintlockpistol.png,flintlockpistol.png,
Guns,Weapons,Gun,weapon_gun,,flintlockrifle,weapon_gun_flintlockrifle.png,src/assets/Items/Guns/weapon_gun_flintlockrifle.png,flintlockrifle.png,
Guns,Weapons,Gun,weapon_gun,,fruitgun,weapon_gun_fruitgun.png,src/assets/Items/Guns/weapon_gun_fruitgun.png,fruitgun.png,
Guns,Weapons,Gun,weapon_gun,,gatling,weapon_gun_gatling.png,src/assets/Items/Guns/weapon_gun_gatling.png,gatling.png,
Guns,Weapons,Gun,weapon_gun,,goldgun,weapon_gun_goldgun.png,src/assets/Items/Guns/weapon_gun_goldgun.png,goldgun.png,
Guns,Weapons,Gun,weapon_gun,,gothicgun,weapon_gun_gothicgun.png,src/assets/Items/Guns/weapon_gun_gothicgun.png,gothicgun.png,
Guns,Weapons,Gun,weapon_gun,,hermes,weapon_gun_hermes.png,src/assets/Items/Guns/weapon_gun_hermes.png,hermes.png,
Guns,Weapons,Gun,weapon_gun,,huntingrifle,weapon_gun_huntingrifle.png,src/assets/Items/Guns/weapon_gun_huntingrifle.png,huntingrifle.png,
Guns,Weapons,Gun,weapon_gun,,kenora,weapon_gun_kenora.png,src/assets/Items/Guns/weapon_gun_kenora.png,kenora.png,
Guns,Weapons,Gun,weapon_gun,,kinggun,weapon_gun_kinggun.png,src/assets/Items/Guns/weapon_gun_kinggun.png,kinggun.png,
Guns,Weapons,Gun,weapon_gun,,lunargun,weapon_gun_lunargun.png,src/assets/Items/Guns/weapon_gun_lunargun.png,lunargun.png,
Guns,Weapons,Gun,weapon_gun,,mechagun,weapon_gun_mechagun.png,src/assets/Items/Guns/weapon_gun_mechagun.png,mechagun.png,
Guns,Weapons,Gun,weapon_gun,,musicgun,weapon_gun_musicgun.png,src/assets/Items/Guns/weapon_gun_musicgun.png,musicgun.png,
Guns,Weapons,Gun,weapon_gun,,pistol,weapon_gun_pistol.png,src/assets/Items/Guns/weapon_gun_pistol.png,pistol.png,
Guns,Weapons,Gun,weapon_gun,,platinumgun,weapon_gun_platinumgun.png,src/assets/Items/Guns/weapon_gun_platinumgun.png,platinumgun.png,
Guns,Weapons,Gun,weapon_gun,,t12gun,weapon_gun_t12gun.png,src/assets/Items/Guns/weapon_gun_t12gun.png,t12gun.png,
Guns,Weapons,Gun,weapon_gun,,t13gun,weapon_gun_t13gun.png,src/assets/Items/Guns/weapon_gun_t13gun.png,t13gun.png,
Guns,Weapons,Gun,weapon_gun,,t14gun,weapon_gun_t14gun.png,src/assets/Items/Guns/weapon_gun_t14gun.png,t14gun.png,
Guns,Weapons,Gun,weapon_gun,,t15gun,weapon_gun_t15gun.png,src/assets/Items/Guns/weapon_gun_t15gun.png,t15gun.png,
Guns,Weapons,Gun,weapon_gun,,t16gun,weapon_gun_t16gun.png,src/assets/Items/Guns/weapon_gun_t16gun.png,t16gun.png,
Guns,Weapons,Gun,weapon_gun,,teslagun,weapon_gun_teslagun.png,src/assets/Items/Guns/weapon_gun_teslagun.png,teslagun.png,
Guns,Weapons,Gun,weapon_gun,,westerngun,weapon_gun_westerngun.png,src/assets/Items/Guns/weapon_gun_westerngun.png,westerngun.png,
Guns,Weapons,Gun,weapon_gun,,wintergun,weapon_gun_wintergun.png,src/assets/Items/Guns/weapon_gun_wintergun.png,wintergun.png,
Heavy Armor,Armor,Heavy Armor,armor_heavy_armor,,alienheavyarmor,armor_heavy_armor_alienheavyarmor.png,src/assets/Items/Heavy Armor/armor_heavy_armor_alienheavyarmor.png,alienheavyarmor.png,
Heavy Armor,Armor,Heavy Armor,armor_heavy_armor,,artifactheavyarmor,armor_heavy_armor_artifactheavyarmor.png,src/assets/Items/Heavy Armor/armor_heavy_armor_artifactheavyarmor.png,artifactheavyarmor.png,
Heavy Armor,Armor,Heavy Armor,armor_heavy_armor,,beeheavyarmor,armor_heavy_armor_beeheavyarmor.png,src/assets/Items/Heavy Armor/armor_heavy_armor_beeheavyarmor.png,beeheavyarmor.png,
Heavy Armor,Armor,Heavy Armor,armor_heavy_armor,,berserkerarmor,armor_heavy_armor_berserkerarmor.png,src/assets/Items/Heavy Armor/armor_heavy_armor_berserkerarmor.png,berserkerarmor.png,
Heavy Armor,Armor,Heavy Armor,armor_heavy_armor,,biomecharmor,armor_heavy_armor_biomecharmor.png,src/assets/Items/Heavy Armor/armor_heavy_armor_biomecharmor.png,biomecharmor.png,
Heavy Armor,Armor,Heavy Armor,armor_heavy_armor,,breastplate,armor_heavy_armor_breastplate.png,src/assets/Items/Heavy Armor/armor_heavy_armor_breastplate.png,breastplate.png,
Heavy Armor,Armor,Heavy Armor,armor_heavy_armor,,castleheavyarmor,armor_heavy_armor_castleheavyarmor.png,src/assets/Items/Heavy Armor/armor_heavy_armor_castleheavyarmor.png,castleheavyarmor.png,
Heavy Armor,Armor,Heavy Armor,armor_heavy_armor,,celestialplate,armor_heavy_armor_celestialplate.png,src/assets/Items/Heavy Armor/armor_heavy_armor_celestialplate.png,celestialplate.png,
Heavy Armor,Armor,Heavy Armor,armor_heavy_armor,,celticheavyarmor,armor_heavy_armor_celticheavyarmor.png,src/assets/Items/Heavy Armor/armor_heavy_armor_celticheavyarmor.png,celticheavyarmor.png,
Heavy Armor,Armor,Heavy Armor,armor_heavy_armor,,centurionarmor,armor_heavy_armor_centurionarmor.png,src/assets/Items/Heavy Armor/armor_heavy_armor_centurionarmor.png,centurionarmor.png,
Heavy Armor,Armor,Heavy Armor,armor_heavy_armor,,chainmail,armor_heavy_armor_chainmail.png,src/assets/Items/Heavy Armor/armor_heavy_armor_chainmail.png,chainmail.png,
Heavy Armor,Armor,Heavy Armor,armor_heavy_armor,,christmasheavyarmor,armor_heavy_armor_christmasheavyarmor.png,src/assets/Items/Heavy Armor/armor_heavy_armor_christmasheavyarmor.png,christmasheavyarmor.png,
Heavy Armor,Armor,Heavy Armor,armor_heavy_armor,,cuirass,armor_heavy_armor_cuirass.png,src/assets/Items/Heavy Armor/armor_heavy_armor_cuirass.png,cuirass.png,
Heavy Armor,Armor,Heavy Armor,armor_heavy_armor,,cyberpunkheavyarmor,armor_heavy_armor_cyberpunkheavyarmor.png,src/assets/Items/Heavy Armor/armor_heavy_armor_cyberpunkheavyarmor.png,cyberpunkheavyarmor.png,
Heavy Armor,Armor,Heavy Armor,armor_heavy_armor,,cyclopsheavyarmor,armor_heavy_armor_cyclopsheavyarmor.png,src/assets/Items/Heavy Armor/armor_heavy_armor_cyclopsheavyarmor.png,cyclopsheavyarmor.png,
Heavy Armor,Armor,Heavy Armor,armor_heavy_armor,,darkheavyarmor,armor_heavy_armor_darkheavyarmor.png,src/assets/Items/Heavy Armor/armor_heavy_armor_darkheavyarmor.png,darkheavyarmor.png,
Heavy Armor,Armor,Heavy Armor,armor_heavy_armor,,darkknightheavyarmor,armor_heavy_armor_darkknightheavyarmor.png,src/assets/Items/Heavy Armor/armor_heavy_armor_darkknightheavyarmor.png,darkknightheavyarmor.png,
Heavy Armor,Armor,Heavy Armor,armor_heavy_armor,,dinoheavyarmor,armor_heavy_armor_dinoheavyarmor.png,src/assets/Items/Heavy Armor/armor_heavy_armor_dinoheavyarmor.png,dinoheavyarmor.png,
Heavy Armor,Armor,Heavy Armor,armor_heavy_armor,,dogheavyarmor,armor_heavy_armor_dogheavyarmor.png,src/assets/Items/Heavy Armor/armor_heavy_armor_dogheavyarmor.png,dogheavyarmor.png,
Heavy Armor,Armor,Heavy Armor,armor_heavy_armor,,fallheavyarmor,armor_heavy_armor_fallheavyarmor.png,src/assets/Items/Heavy Armor/armor_heavy_armor_fallheavyarmor.png,fallheavyarmor.png,
Heavy Armor,Armor,Heavy Armor,armor_heavy_armor,,freedomplate,armor_heavy_armor_freedomplate.png,src/assets/Items/Heavy Armor/armor_heavy_armor_freedomplate.png,freedomplate.png,
Heavy Armor,Armor,Heavy Armor,armor_heavy_armor,,generalplate,armor_heavy_armor_generalplate.png,src/assets/Items/Heavy Armor/armor_heavy_armor_generalplate.png,generalplate.png,
Heavy Armor,Armor,Heavy Armor,armor_heavy_armor,,goldplate,armor_heavy_armor_goldplate.png,src/assets/Items/Heavy Armor/armor_heavy_armor_goldplate.png,goldplate.png,
Heavy Armor,Armor,Heavy Armor,armor_heavy_armor,,halfplate,armor_heavy_armor_halfplate.png,src/assets/Items/Heavy Armor/armor_heavy_armor_halfplate.png,halfplate.png,
Heavy Armor,Armor,Heavy Armor,armor_heavy_armor,,juggernaut,armor_heavy_armor_juggernaut.png,src/assets/Items/Heavy Armor/armor_heavy_armor_juggernaut.png,juggernaut.png,
Heavy Armor,Armor,Heavy Armor,armor_heavy_armor,,lunararmor,armor_heavy_armor_lunararmor.png,src/assets/Items/Heavy Armor/armor_heavy_armor_lunararmor.png,lunararmor.png,
Heavy Armor,Armor,Heavy Armor,armor_heavy_armor,,mechaheavyarmor,armor_heavy_armor_mechaheavyarmor.png,src/assets/Items/Heavy Armor/armor_heavy_armor_mechaheavyarmor.png,mechaheavyarmor.png,
Heavy Armor,Armor,Heavy Armor,armor_heavy_armor,,oktoberfestplate,armor_heavy_armor_oktoberfestplate.png,src/assets/Items/Heavy Armor/armor_heavy_armor_oktoberfestplate.png,oktoberfestplate.png,
Heavy Armor,Armor,Heavy Armor,armor_heavy_armor,,paladinheavyarmor,armor_heavy_armor_paladinheavyarmor.png,src/assets/Items/Heavy Armor/armor_heavy_armor_paladinheavyarmor.png,paladinheavyarmor.png,
Heavy Armor,Armor,Heavy Armor,armor_heavy_armor,,platinumheavyarmor,armor_heavy_armor_platinumheavyarmor.png,src/assets/Items/Heavy Armor/armor_heavy_armor_platinumheavyarmor.png,platinumheavyarmor.png,
Heavy Armor,Armor,Heavy Armor,armor_heavy_armor,,plushieheavyarmor,armor_heavy_armor_plushieheavyarmor.png,src/assets/Items/Heavy Armor/armor_heavy_armor_plushieheavyarmor.png,plushieheavyarmor.png,
Heavy Armor,Armor,Heavy Armor,armor_heavy_armor,,pumpkinheavyarmor,armor_heavy_armor_pumpkinheavyarmor.png,src/assets/Items/Heavy Armor/armor_heavy_armor_pumpkinheavyarmor.png,pumpkinheavyarmor.png,
Heavy Armor,Armor,Heavy Armor,armor_heavy_armor,,pyramidheavyarmor,armor_heavy_armor_pyramidheavyarmor.png,src/assets/Items/Heavy Armor/armor_heavy_armor_pyramidheavyarmor.png,pyramidheavyarmor.png,
Heavy Armor,Armor,Heavy Armor,armor_heavy_armor,,riftheavyarmor,armor_heavy_armor_riftheavyarmor.png,src/assets/Items/Heavy Armor/armor_heavy_armor_riftheavyarmor.png,riftheavyarmor.png,
Heavy Armor,Armor,Heavy Armor,armor_heavy_armor,,ringmail,armor_heavy_armor_ringmail.png,src/assets/Items/Heavy Armor/armor_heavy_armor_ringmail.png,ringmail.png,
Heavy Armor,Armor,Heavy Armor,armor_heavy_armor,,ronindo,armor_heavy_armor_ronindo.png,src/assets/Items/Heavy Armor/armor_heavy_armor_ronindo.png,ronindo.png,
Heavy Armor,Armor,Heavy Armor,armor_heavy_armor,,scalemail,armor_heavy_armor_scalemail.png,src/assets/Items/Heavy Armor/armor_heavy_armor_scalemail.png,scalemail.png,
Heavy Armor,Armor,Heavy Armor,armor_heavy_armor,,shoprheavyarmor,armor_heavy_armor_shoprheavyarmor.png,src/assets/Items/Heavy Armor/armor_heavy_armor_shoprheavyarmor.png,shoprheavyarmor.png,
Heavy Armor,Armor,Heavy Armor,armor_heavy_armor,,swampheavyarmor,armor_heavy_armor_swampheavyarmor.png,src/assets/Items/Heavy Armor/armor_heavy_armor_swampheavyarmor.png,swampheavyarmor.png,
Heavy Armor,Armor,Heavy Armor,armor_heavy_armor,,t12heavyarmor,armor_heavy_armor_t12heavyarmor.png,src/assets/Items/Heavy Armor/armor_heavy_armor_t12heavyarmor.png,t12heavyarmor.png,
Heavy Armor,Armor,Heavy Armor,armor_heavy_armor,,t13heavyarmor,armor_heavy_armor_t13heavyarmor.png,src/assets/Items/Heavy Armor/armor_heavy_armor_t13heavyarmor.png,t13heavyarmor.png,
Heavy Armor,Armor,Heavy Armor,armor_heavy_armor,,t14heavyarmor,armor_heavy_armor_t14heavyarmor.png,src/assets/Items/Heavy Armor/armor_heavy_armor_t14heavyarmor.png,t14heavyarmor.png,
Heavy Armor,Armor,Heavy Armor,armor_heavy_armor,,t15heavyarmor,armor_heavy_armor_t15heavyarmor.png,src/assets/Items/Heavy Armor/armor_heavy_armor_t15heavyarmor.png,t15heavyarmor.png,
Heavy Armor,Armor,Heavy Armor,armor_heavy_armor,,t16heavyarmor,armor_heavy_armor_t16heavyarmor.png,src/assets/Items/Heavy Armor/armor_heavy_armor_t16heavyarmor.png,t16heavyarmor.png,
Heavy Armor,Armor,Heavy Armor,armor_heavy_armor,,templearmor,armor_heavy_armor_templearmor.png,src/assets/Items/Heavy Armor/armor_heavy_armor_templearmor.png,templearmor.png,
Heavy Armor,Armor,Heavy Armor,armor_heavy_armor,,tombheavyarmor,armor_heavy_armor_tombheavyarmor.png,src/assets/Items/Heavy Armor/armor_heavy_armor_tombheavyarmor.png,tombheavyarmor.png,
Heavy Armor,Armor,Heavy Armor,armor_heavy_armor,,winterplate,armor_heavy_armor_winterplate.png,src/assets/Items/Heavy Armor/armor_heavy_armor_winterplate.png,winterplate.png,
Heavy Footwear,Armor,Heavy Footwear,armor_heavy_footwear,,artifactboots,armor_heavy_footwear_artifactboots.png,src/assets/Items/Heavy Footwear/armor_heavy_footwear_artifactboots.png,artifactboots.png,
Heavy Footwear,Armor,Heavy Footwear,armor_heavy_footwear,,berserkerboots,armor_heavy_footwear_berserkerboots.png,src/assets/Items/Heavy Footwear/armor_heavy_footwear_berserkerboots.png,berserkerboots.png,
Heavy Footwear,Armor,Heavy Footwear,armor_heavy_footwear,,bfheavyboots,armor_heavy_footwear_bfheavyboots.png,src/assets/Items/Heavy Footwear/armor_heavy_footwear_bfheavyboots.png,bfheavyboots.png,
Heavy Footwear,Armor,Heavy Footwear,armor_heavy_footwear,,biomechboots,armor_heavy_footwear_biomechboots.png,src/assets/Items/Heavy Footwear/armor_heavy_footwear_biomechboots.png,biomechboots.png,
Heavy Footwear,Armor,Heavy Footwear,armor_heavy_footwear,,blackfridayboots,armor_heavy_footwear_blackfridayboots.png,src/assets/Items/Heavy Footwear/armor_heavy_footwear_blackfridayboots.png,blackfridayboots.png,
Heavy Footwear,Armor,Heavy Footwear,armor_heavy_footwear,,bunnyboots,armor_heavy_footwear_bunnyboots.png,src/assets/Items/Heavy Footwear/armor_heavy_footwear_bunnyboots.png,bunnyboots.png,
Heavy Footwear,Armor,Heavy Footwear,armor_heavy_footwear,,celestialboots,armor_heavy_footwear_celestialboots.png,src/assets/Items/Heavy Footwear/armor_heavy_footwear_celestialboots.png,celestialboots.png,
Heavy Footwear,Armor,Heavy Footwear,armor_heavy_footwear,,christmasboots,armor_heavy_footwear_christmasboots.png,src/assets/Items/Heavy Footwear/armor_heavy_footwear_christmasboots.png,christmasboots.png,
Heavy Footwear,Armor,Heavy Footwear,armor_heavy_footwear,,cincoboots,armor_heavy_footwear_cincoboots.png,src/assets/Items/Heavy Footwear/armor_heavy_footwear_cincoboots.png,cincoboots.png,
Heavy Footwear,Armor,Heavy Footwear,armor_heavy_footwear,,circusboots,armor_heavy_footwear_circusboots.png,src/assets/Items/Heavy Footwear/armor_heavy_footwear_circusboots.png,circusboots.png,
Heavy Footwear,Armor,Heavy Footwear,armor_heavy_footwear,,cyclopsboots,armor_heavy_footwear_cyclopsboots.png,src/assets/Items/Heavy Footwear/armor_heavy_footwear_cyclopsboots.png,cyclopsboots.png,
Heavy Footwear,Armor,Heavy Footwear,armor_heavy_footwear,,darkknightboots,armor_heavy_footwear_darkknightboots.png,src/assets/Items/Heavy Footwear/armor_heavy_footwear_darkknightboots.png,darkknightboots.png,
Heavy Footwear,Armor,Heavy Footwear,armor_heavy_footwear,,dinoboots,armor_heavy_footwear_dinoboots.png,src/assets/Items/Heavy Footwear/armor_heavy_footwear_dinoboots.png,dinoboots.png,
Heavy Footwear,Armor,Heavy Footwear,armor_heavy_footwear,,dogboots,armor_heavy_footwear_dogboots.png,src/assets/Items/Heavy Footwear/armor_heavy_footwear_dogboots.png,dogboots.png,
Heavy Footwear,Armor,Heavy Footwear,armor_heavy_footwear,,fallboots,armor_heavy_footwear_fallboots.png,src/assets/Items/Heavy Footwear/armor_heavy_footwear_fallboots.png,fallboots.png,
Heavy Footwear,Armor,Heavy Footwear,armor_heavy_footwear,,firecrabboots,armor_heavy_footwear_firecrabboots.png,src/assets/Items/Heavy Footwear/armor_heavy_footwear_firecrabboots.png,firecrabboots.png,
Heavy Footwear,Armor,Heavy Footwear,armor_heavy_footwear,,freedomboots,armor_heavy_footwear_freedomboots.png,src/assets/Items/Heavy Footwear/armor_heavy_footwear_freedomboots.png,freedomboots.png,
Heavy Footwear,Armor,Heavy Footwear,armor_heavy_footwear,,fruitboots,armor_heavy_footwear_fruitboots.png,src/assets/Items/Heavy Footwear/armor_heavy_footwear_fruitboots.png,fruitboots.png,
Heavy Footwear,Armor,Heavy Footwear,armor_heavy_footwear,,generalgreaves,armor_heavy_footwear_generalgreaves.png,src/assets/Items/Heavy Footwear/armor_heavy_footwear_generalgreaves.png,generalgreaves.png,
Heavy Footwear,Armor,Heavy Footwear,armor_heavy_footwear,,goldboots,armor_heavy_footwear_goldboots.png,src/assets/Items/Heavy Footwear/armor_heavy_footwear_goldboots.png,goldboots.png,
Heavy Footwear,Armor,Heavy Footwear,armor_heavy_footwear,,goldboots2,armor_heavy_footwear_goldboots2.png,src/assets/Items/Heavy Footwear/armor_heavy_footwear_goldboots2.png,goldboots2.png,
Heavy Footwear,Armor,Heavy Footwear,armor_heavy_footwear,,grieveboots,armor_heavy_footwear_grieveboots.png,src/assets/Items/Heavy Footwear/armor_heavy_footwear_grieveboots.png,grieveboots.png,
Heavy Footwear,Armor,Heavy Footwear,armor_heavy_footwear,,haidate,armor_heavy_footwear_haidate.png,src/assets/Items/Heavy Footwear/armor_heavy_footwear_haidate.png,haidate.png,
Heavy Footwear,Armor,Heavy Footwear,armor_heavy_footwear,,heavyboots,armor_heavy_footwear_heavyboots.png,src/assets/Items/Heavy Footwear/armor_heavy_footwear_heavyboots.png,heavyboots.png,
Heavy Footwear,Armor,Heavy Footwear,armor_heavy_footwear,,heroboots,armor_heavy_footwear_heroboots.png,src/assets/Items/Heavy Footwear/armor_heavy_footwear_heroboots.png,heroboots.png,
Heavy Footwear,Armor,Heavy Footwear,armor_heavy_footwear,,juggernautboots,armor_heavy_footwear_juggernautboots.png,src/assets/Items/Heavy Footwear/armor_heavy_footwear_juggernautboots.png,juggernautboots.png,
Heavy Footwear,Armor,Heavy Footwear,armor_heavy_footwear,,knightboots,armor_heavy_footwear_knightboots.png,src/assets/Items/Heavy Footwear/armor_heavy_footwear_knightboots.png,knightboots.png,
Heavy Footwear,Armor,Heavy Footwear,armor_heavy_footwear,,krampusboots,armor_heavy_footwear_krampusboots.png,src/assets/Items/Heavy Footwear/armor_heavy_footwear_krampusboots.png,krampusboots.png,
Heavy Footwear,Armor,Heavy Footwear,armor_heavy_footwear,,longboots,armor_heavy_footwear_longboots.png,src/assets/Items/Heavy Footwear/armor_heavy_footwear_longboots.png,longboots.png,
Heavy Footwear,Armor,Heavy Footwear,armor_heavy_footwear,,lunargreaves,armor_heavy_footwear_lunargreaves.png,src/assets/Items/Heavy Footwear/armor_heavy_footwear_lunargreaves.png,lunargreaves.png,
Heavy Footwear,Armor,Heavy Footwear,armor_heavy_footwear,,mechaboots,armor_heavy_footwear_mechaboots.png,src/assets/Items/Heavy Footwear/armor_heavy_footwear_mechaboots.png,mechaboots.png,
Heavy Footwear,Armor,Heavy Footwear,armor_heavy_footwear,,newyearboots,armor_heavy_footwear_newyearboots.png,src/assets/Items/Heavy Footwear/armor_heavy_footwear_newyearboots.png,newyearboots.png,
Heavy Footwear,Armor,Heavy Footwear,armor_heavy_footwear,,paladinboots,armor_heavy_footwear_paladinboots.png,src/assets/Items/Heavy Footwear/armor_heavy_footwear_paladinboots.png,paladinboots.png,
Heavy Footwear,Armor,Heavy Footwear,armor_heavy_footwear,,platinumboots,armor_heavy_footwear_platinumboots.png,src/assets/Items/Heavy Footwear/armor_heavy_footwear_platinumboots.png,platinumboots.png,
Heavy Footwear,Armor,Heavy Footwear,armor_heavy_footwear,,plushieboots,armor_heavy_footwear_plushieboots.png,src/assets/Items/Heavy Footwear/armor_heavy_footwear_plushieboots.png,plushieboots.png,
Heavy Footwear,Armor,Heavy Footwear,armor_heavy_footwear,,shinguards,armor_heavy_footwear_shinguards.png,src/assets/Items/Heavy Footwear/armor_heavy_footwear_shinguards.png,shinguards.png,
Heavy Footwear,Armor,Heavy Footwear,armor_heavy_footwear,,shoprboots,armor_heavy_footwear_shoprboots.png,src/assets/Items/Heavy Footwear/armor_heavy_footwear_shoprboots.png,shoprboots.png,
Heavy Footwear,Armor,Heavy Footwear,armor_heavy_footwear,,swampboots,armor_heavy_footwear_swampboots.png,src/assets/Items/Heavy Footwear/armor_heavy_footwear_swampboots.png,swampboots.png,
Heavy Footwear,Armor,Heavy Footwear,armor_heavy_footwear,,t12boots,armor_heavy_footwear_t12boots.png,src/assets/Items/Heavy Footwear/armor_heavy_footwear_t12boots.png,t12boots.png,
Heavy Footwear,Armor,Heavy Footwear,armor_heavy_footwear,,t13boots,armor_heavy_footwear_t13boots.png,src/assets/Items/Heavy Footwear/armor_heavy_footwear_t13boots.png,t13boots.png,
Heavy Footwear,Armor,Heavy Footwear,armor_heavy_footwear,,t14boots,armor_heavy_footwear_t14boots.png,src/assets/Items/Heavy Footwear/armor_heavy_footwear_t14boots.png,t14boots.png,
Heavy Footwear,Armor,Heavy Footwear,armor_heavy_footwear,,t15boots,armor_heavy_footwear_t15boots.png,src/assets/Items/Heavy Footwear/armor_heavy_footwear_t15boots.png,t15boots.png,
Heavy Footwear,Armor,Heavy Footwear,armor_heavy_footwear,,t16boots,armor_heavy_footwear_t16boots.png,src/assets/Items/Heavy Footwear/armor_heavy_footwear_t16boots.png,t16boots.png,
Heavy Footwear,Armor,Heavy Footwear,armor_heavy_footwear,,volcanoboots,armor_heavy_footwear_volcanoboots.png,src/assets/Items/Heavy Footwear/armor_heavy_footwear_volcanoboots.png,volcanoboots.png,
Heavy Footwear,Armor,Heavy Footwear,armor_heavy_footwear,,winterboots,armor_heavy_footwear_winterboots.png,src/assets/Items/Heavy Footwear/armor_heavy_footwear_winterboots.png,winterboots.png,
Helmets,Armor,Helmet,armor_helmet,,beachhelm,armor_helmet_beachhelm.png,src/assets/Items/Helmets/armor_helmet_beachhelm.png,beachhelm.png,
Helmets,Armor,Helmet,armor_helmet,,berserkerhelm,armor_helmet_berserkerhelm.png,src/assets/Items/Helmets/armor_helmet_berserkerhelm.png,berserkerhelm.png,
Helmets,Armor,Helmet,armor_helmet,,biomechhelm,armor_helmet_biomechhelm.png,src/assets/Items/Helmets/armor_helmet_biomechhelm.png,biomechhelm.png,
Helmets,Armor,Helmet,armor_helmet,,blossomhelm,armor_helmet_blossomhelm.png,src/assets/Items/Helmets/armor_helmet_blossomhelm.png,blossomhelm.png,
Helmets,Armor,Helmet,armor_helmet,,bughelm,armor_helmet_bughelm.png,src/assets/Items/Helmets/armor_helmet_bughelm.png,bughelm.png,
Helmets,Armor,Helmet,armor_helmet,,celestialhelm,armor_helmet_celestialhelm.png,src/assets/Items/Helmets/armor_helmet_celestialhelm.png,celestialhelm.png,
Helmets,Armor,Helmet,armor_helmet,,centurionhelmet,armor_helmet_centurionhelmet.png,src/assets/Items/Helmets/armor_helmet_centurionhelmet.png,centurionhelmet.png,
Helmets,Armor,Helmet,armor_helmet,,chesshelm,armor_helmet_chesshelm.png,src/assets/Items/Helmets/armor_helmet_chesshelm.png,chesshelm.png,
Helmets,Armor,Helmet,armor_helmet,,coralhelm,armor_helmet_coralhelm.png,src/assets/Items/Helmets/armor_helmet_coralhelm.png,coralhelm.png,
Helmets,Armor,Helmet,armor_helmet,,couplehelmet,armor_helmet_couplehelmet.png,src/assets/Items/Helmets/armor_helmet_couplehelmet.png,couplehelmet.png,
Helmets,Armor,Helmet,armor_helmet,,cyberpunkhelm,armor_helmet_cyberpunkhelm.png,src/assets/Items/Helmets/armor_helmet_cyberpunkhelm.png,cyberpunkhelm.png,
Helmets,Armor,Helmet,armor_helmet,,darkhelm,armor_helmet_darkhelm.png,src/assets/Items/Helmets/armor_helmet_darkhelm.png,darkhelm.png,
Helmets,Armor,Helmet,armor_helmet,,darkknighthelm,armor_helmet_darkknighthelm.png,src/assets/Items/Helmets/armor_helmet_darkknighthelm.png,darkknighthelm.png,
Helmets,Armor,Helmet,armor_helmet,,dinohelm,armor_helmet_dinohelm.png,src/assets/Items/Helmets/armor_helmet_dinohelm.png,dinohelm.png,
Helmets,Armor,Helmet,armor_helmet,,doghelm,armor_helmet_doghelm.png,src/assets/Items/Helmets/armor_helmet_doghelm.png,doghelm.png,
Helmets,Armor,Helmet,armor_helmet,,eaglecowl,armor_helmet_eaglecowl.png,src/assets/Items/Helmets/armor_helmet_eaglecowl.png,eaglecowl.png,
Helmets,Armor,Helmet,armor_helmet,,elysiumhelm,armor_helmet_elysiumhelm.png,src/assets/Items/Helmets/armor_helmet_elysiumhelm.png,elysiumhelm.png,
Helmets,Armor,Helmet,armor_helmet,,generalheaume,armor_helmet_generalheaume.png,src/assets/Items/Helmets/armor_helmet_generalheaume.png,generalheaume.png,
Helmets,Armor,Helmet,armor_helmet,,gladiatorhelm,armor_helmet_gladiatorhelm.png,src/assets/Items/Helmets/armor_helmet_gladiatorhelm.png,gladiatorhelm.png,
Helmets,Armor,Helmet,armor_helmet,,goldhelmet,armor_helmet_goldhelmet.png,src/assets/Items/Helmets/armor_helmet_goldhelmet.png,goldhelmet.png,
Helmets,Armor,Helmet,armor_helmet,,greekhelm,armor_helmet_greekhelm.png,src/assets/Items/Helmets/armor_helmet_greekhelm.png,greekhelm.png,
Helmets,Armor,Helmet,armor_helmet,,helmet,armor_helmet_helmet.png,src/assets/Items/Helmets/armor_helmet_helmet.png,helmet.png,
Helmets,Armor,Helmet,armor_helmet,,horned,armor_helmet_horned.png,src/assets/Items/Helmets/armor_helmet_horned.png,horned.png,
Helmets,Armor,Helmet,armor_helmet,,ironcap,armor_helmet_ironcap.png,src/assets/Items/Helmets/armor_helmet_ironcap.png,ironcap.png,
Helmets,Armor,Helmet,armor_helmet,,juggernauthelm,armor_helmet_juggernauthelm.png,src/assets/Items/Helmets/armor_helmet_juggernauthelm.png,juggernauthelm.png,
Helmets,Armor,Helmet,armor_helmet,,kabuto,armor_helmet_kabuto.png,src/assets/Items/Helmets/armor_helmet_kabuto.png,kabuto.png,
Helmets,Armor,Helmet,armor_helmet,,knighthelm,armor_helmet_knighthelm.png,src/assets/Items/Helmets/armor_helmet_knighthelm.png,knighthelm.png,
Helmets,Armor,Helmet,armor_helmet,,lucky7helm,armor_helmet_lucky7helm.png,src/assets/Items/Helmets/armor_helmet_lucky7helm.png,lucky7helm.png,
Helmets,Armor,Helmet,armor_helmet,,lunarhelm2,armor_helmet_lunarhelm2.png,src/assets/Items/Helmets/armor_helmet_lunarhelm2.png,lunarhelm2.png,
Helmets,Armor,Helmet,armor_helmet,,lunarhelmet,armor_helmet_lunarhelmet.png,src/assets/Items/Helmets/armor_helmet_lunarhelmet.png,lunarhelmet.png,
Helmets,Armor,Helmet,armor_helmet,,mechahelm,armor_helmet_mechahelm.png,src/assets/Items/Helmets/armor_helmet_mechahelm.png,mechahelm.png,
Helmets,Armor,Helmet,armor_helmet,,mundrahelm,armor_helmet_mundrahelm.png,src/assets/Items/Helmets/armor_helmet_mundrahelm.png,mundrahelm.png,
Helmets,Armor,Helmet,armor_helmet,,paladinhelm,armor_helmet_paladinhelm.png,src/assets/Items/Helmets/armor_helmet_paladinhelm.png,paladinhelm.png,
Helmets,Armor,Helmet,armor_helmet,,paladinhelm2,armor_helmet_paladinhelm2.png,src/assets/Items/Helmets/armor_helmet_paladinhelm2.png,paladinhelm2.png,
Helmets,Armor,Helmet,armor_helmet,,platinumhelm,armor_helmet_platinumhelm.png,src/assets/Items/Helmets/armor_helmet_platinumhelm.png,platinumhelm.png,
Helmets,Armor,Helmet,armor_helmet,,plushiehelm,armor_helmet_plushiehelm.png,src/assets/Items/Helmets/armor_helmet_plushiehelm.png,plushiehelm.png,
Helmets,Armor,Helmet,armor_helmet,,pumpkinhelm,armor_helmet_pumpkinhelm.png,src/assets/Items/Helmets/armor_helmet_pumpkinhelm.png,pumpkinhelm.png,
Helmets,Armor,Helmet,armor_helmet,,ruinshelm,armor_helmet_ruinshelm.png,src/assets/Items/Helmets/armor_helmet_ruinshelm.png,ruinshelm.png,
Helmets,Armor,Helmet,armor_helmet,,shoprhelm,armor_helmet_shoprhelm.png,src/assets/Items/Helmets/armor_helmet_shoprhelm.png,shoprhelm.png,
Helmets,Armor,Helmet,armor_helmet,,spacehelm,armor_helmet_spacehelm.png,src/assets/Items/Helmets/armor_helmet_spacehelm.png,spacehelm.png,
Helmets,Armor,Helmet,armor_helmet,,swamphelm,armor_helmet_swamphelm.png,src/assets/Items/Helmets/armor_helmet_swamphelm.png,swamphelm.png,
Helmets,Armor,Helmet,armor_helmet,,t12helm,armor_helmet_t12helm.png,src/assets/Items/Helmets/armor_helmet_t12helm.png,t12helm.png,
Helmets,Armor,Helmet,armor_helmet,,t13helm,armor_helmet_t13helm.png,src/assets/Items/Helmets/armor_helmet_t13helm.png,t13helm.png,
Helmets,Armor,Helmet,armor_helmet,,t14helm,armor_helmet_t14helm.png,src/assets/Items/Helmets/armor_helmet_t14helm.png,t14helm.png,
Helmets,Armor,Helmet,armor_helmet,,t15helm,armor_helmet_t15helm.png,src/assets/Items/Helmets/armor_helmet_t15helm.png,t15helm.png,
Helmets,Armor,Helmet,armor_helmet,,t16helm,armor_helmet_t16helm.png,src/assets/Items/Helmets/armor_helmet_t16helm.png,t16helm.png,
Helmets,Armor,Helmet,armor_helmet,,thanksgivinghelmet,armor_helmet_thanksgivinghelmet.png,src/assets/Items/Helmets/armor_helmet_thanksgivinghelmet.png,thanksgivinghelmet.png,
Helmets,Armor,Helmet,armor_helmet,,valentinehelm,armor_helmet_valentinehelm.png,src/assets/Items/Helmets/armor_helmet_valentinehelm.png,valentinehelm.png,
Helmets,Armor,Helmet,armor_helmet,,vikinghelm,armor_helmet_vikinghelm.png,src/assets/Items/Helmets/armor_helmet_vikinghelm.png,vikinghelm.png,
Helmets,Armor,Helmet,armor_helmet,,voidhelm,armor_helmet_voidhelm.png,src/assets/Items/Helmets/armor_helmet_voidhelm.png,voidhelm.png,
Helmets,Armor,Helmet,armor_helmet,,winterhelm,armor_helmet_winterhelm.png,src/assets/Items/Helmets/armor_helmet_winterhelm.png,winterhelm.png,
Herbal Medicine,Accessories,Herbal Remedy,accessory_herbal_remedy,,alienherb,accessory_herbal_remedy_alienherb.png,src/assets/Items/Herbal Medicine/accessory_herbal_remedy_alienherb.png,alienherb.png,
Herbal Medicine,Accessories,Herbal Remedy,accessory_herbal_remedy,,antidote,accessory_herbal_remedy_antidote.png,src/assets/Items/Herbal Medicine/accessory_herbal_remedy_antidote.png,antidote.png,
Herbal Medicine,Accessories,Herbal Remedy,accessory_herbal_remedy,,blackfridayherb,accessory_herbal_remedy_blackfridayherb.png,src/assets/Items/Herbal Medicine/accessory_herbal_remedy_blackfridayherb.png,blackfridayherb.png,
Herbal Medicine,Accessories,Herbal Remedy,accessory_herbal_remedy,,bloodvine,accessory_herbal_remedy_bloodvine.png,src/assets/Items/Herbal Medicine/accessory_herbal_remedy_bloodvine.png,bloodvine.png,
Herbal Medicine,Accessories,Herbal Remedy,accessory_herbal_remedy,,blossomherb,accessory_herbal_remedy_blossomherb.png,src/assets/Items/Herbal Medicine/accessory_herbal_remedy_blossomherb.png,blossomherb.png,
Herbal Medicine,Accessories,Herbal Remedy,accessory_herbal_remedy,,bouquet,accessory_herbal_remedy_bouquet.png,src/assets/Items/Herbal Medicine/accessory_herbal_remedy_bouquet.png,bouquet.png,
Herbal Medicine,Accessories,Herbal Remedy,accessory_herbal_remedy,,candyherb,accessory_herbal_remedy_candyherb.png,src/assets/Items/Herbal Medicine/accessory_herbal_remedy_candyherb.png,candyherb.png,
Herbal Medicine,Accessories,Herbal Remedy,accessory_herbal_remedy,,christmasflower,accessory_herbal_remedy_christmasflower.png,src/assets/Items/Herbal Medicine/accessory_herbal_remedy_christmasflower.png,christmasflower.png,
Herbal Medicine,Accessories,Herbal Remedy,accessory_herbal_remedy,,circusherb,accessory_herbal_remedy_circusherb.png,src/assets/Items/Herbal Medicine/accessory_herbal_remedy_circusherb.png,circusherb.png,
Herbal Medicine,Accessories,Herbal Remedy,accessory_herbal_remedy,,cookingherbs,accessory_herbal_remedy_cookingherbs.png,src/assets/Items/Herbal Medicine/accessory_herbal_remedy_cookingherbs.png,cookingherbs.png,
Herbal Medicine,Accessories,Herbal Remedy,accessory_herbal_remedy,,couplebouquet,accessory_herbal_remedy_couplebouquet.png,src/assets/Items/Herbal Medicine/accessory_herbal_remedy_couplebouquet.png,couplebouquet.png,
Herbal Medicine,Accessories,Herbal Remedy,accessory_herbal_remedy,,cozyherb,accessory_herbal_remedy_cozyherb.png,src/assets/Items/Herbal Medicine/accessory_herbal_remedy_cozyherb.png,cozyherb.png,
Herbal Medicine,Accessories,Herbal Remedy,accessory_herbal_remedy,,dreamherb,accessory_herbal_remedy_dreamherb.png,src/assets/Items/Herbal Medicine/accessory_herbal_remedy_dreamherb.png,dreamherb.png,
Herbal Medicine,Accessories,Herbal Remedy,accessory_herbal_remedy,,eldritchtendrils,accessory_herbal_remedy_eldritchtendrils.png,src/assets/Items/Herbal Medicine/accessory_herbal_remedy_eldritchtendrils.png,eldritchtendrils.png,
Herbal Medicine,Accessories,Herbal Remedy,accessory_herbal_remedy,,fairytaleherb,accessory_herbal_remedy_fairytaleherb.png,src/assets/Items/Herbal Medicine/accessory_herbal_remedy_fairytaleherb.png,fairytaleherb.png,
Herbal Medicine,Accessories,Herbal Remedy,accessory_herbal_remedy,,firecrabherb,accessory_herbal_remedy_firecrabherb.png,src/assets/Items/Herbal Medicine/accessory_herbal_remedy_firecrabherb.png,firecrabherb.png,
Herbal Medicine,Accessories,Herbal Remedy,accessory_herbal_remedy,,fruitherb,accessory_herbal_remedy_fruitherb.png,src/assets/Items/Herbal Medicine/accessory_herbal_remedy_fruitherb.png,fruitherb.png,
Herbal Medicine,Accessories,Herbal Remedy,accessory_herbal_remedy,,goldenclover,accessory_herbal_remedy_goldenclover.png,src/assets/Items/Herbal Medicine/accessory_herbal_remedy_goldenclover.png,goldenclover.png,
Herbal Medicine,Accessories,Herbal Remedy,accessory_herbal_remedy,,goldherb,accessory_herbal_remedy_goldherb.png,src/assets/Items/Herbal Medicine/accessory_herbal_remedy_goldherb.png,goldherb.png,
Herbal Medicine,Accessories,Herbal Remedy,accessory_herbal_remedy,,goldherb2,accessory_herbal_remedy_goldherb2.png,src/assets/Items/Herbal Medicine/accessory_herbal_remedy_goldherb2.png,goldherb2.png,
Herbal Medicine,Accessories,Herbal Remedy,accessory_herbal_remedy,,grass,accessory_herbal_remedy_grass.png,src/assets/Items/Herbal Medicine/accessory_herbal_remedy_grass.png,grass.png,
Herbal Medicine,Accessories,Herbal Remedy,accessory_herbal_remedy,,harvest,accessory_herbal_remedy_harvest.png,src/assets/Items/Herbal Medicine/accessory_herbal_remedy_harvest.png,harvest.png,
Herbal Medicine,Accessories,Herbal Remedy,accessory_herbal_remedy,,healingsalve,accessory_herbal_remedy_healingsalve.png,src/assets/Items/Herbal Medicine/accessory_herbal_remedy_healingsalve.png,healingsalve.png,
Herbal Medicine,Accessories,Herbal Remedy,accessory_herbal_remedy,,lifeherb,accessory_herbal_remedy_lifeherb.png,src/assets/Items/Herbal Medicine/accessory_herbal_remedy_lifeherb.png,lifeherb.png,
Herbal Medicine,Accessories,Herbal Remedy,accessory_herbal_remedy,,lightdarkherb,accessory_herbal_remedy_lightdarkherb.png,src/assets/Items/Herbal Medicine/accessory_herbal_remedy_lightdarkherb.png,lightdarkherb.png,
Herbal Medicine,Accessories,Herbal Remedy,accessory_herbal_remedy,,lunarherb,accessory_herbal_remedy_lunarherb.png,src/assets/Items/Herbal Medicine/accessory_herbal_remedy_lunarherb.png,lunarherb.png,
Herbal Medicine,Accessories,Herbal Remedy,accessory_herbal_remedy,,mandragoraroot,accessory_herbal_remedy_mandragoraroot.png,src/assets/Items/Herbal Medicine/accessory_herbal_remedy_mandragoraroot.png,mandragoraroot.png,
Herbal Medicine,Accessories,Herbal Remedy,accessory_herbal_remedy,,mushroomherb,accessory_herbal_remedy_mushroomherb.png,src/assets/Items/Herbal Medicine/accessory_herbal_remedy_mushroomherb.png,mushroomherb.png,
Herbal Medicine,Accessories,Herbal Remedy,accessory_herbal_remedy,,musicherb,accessory_herbal_remedy_musicherb.png,src/assets/Items/Herbal Medicine/accessory_herbal_remedy_musicherb.png,musicherb.png,
Herbal Medicine,Accessories,Herbal Remedy,accessory_herbal_remedy,,newyearherb,accessory_herbal_remedy_newyearherb.png,src/assets/Items/Herbal Medicine/accessory_herbal_remedy_newyearherb.png,newyearherb.png,
Herbal Medicine,Accessories,Herbal Remedy,accessory_herbal_remedy,,peakherbs,accessory_herbal_remedy_peakherbs.png,src/assets/Items/Herbal Medicine/accessory_herbal_remedy_peakherbs.png,peakherbs.png,
Herbal Medicine,Accessories,Herbal Remedy,accessory_herbal_remedy,,platinumherb,accessory_herbal_remedy_platinumherb.png,src/assets/Items/Herbal Medicine/accessory_herbal_remedy_platinumherb.png,platinumherb.png,
Herbal Medicine,Accessories,Herbal Remedy,accessory_herbal_remedy,,powder,accessory_herbal_remedy_powder.png,src/assets/Items/Herbal Medicine/accessory_herbal_remedy_powder.png,powder.png,
Herbal Medicine,Accessories,Herbal Remedy,accessory_herbal_remedy,,ruinsherb,accessory_herbal_remedy_ruinsherb.png,src/assets/Items/Herbal Medicine/accessory_herbal_remedy_ruinsherb.png,ruinsherb.png,
Herbal Medicine,Accessories,Herbal Remedy,accessory_herbal_remedy,,silverthistle,accessory_herbal_remedy_silverthistle.png,src/assets/Items/Herbal Medicine/accessory_herbal_remedy_silverthistle.png,silverthistle.png,
Herbal Medicine,Accessories,Herbal Remedy,accessory_herbal_remedy,,t12herb,accessory_herbal_remedy_t12herb.png,src/assets/Items/Herbal Medicine/accessory_herbal_remedy_t12herb.png,t12herb.png,
Herbal Medicine,Accessories,Herbal Remedy,accessory_herbal_remedy,,t13herb,accessory_herbal_remedy_t13herb.png,src/assets/Items/Herbal Medicine/accessory_herbal_remedy_t13herb.png,t13herb.png,
Herbal Medicine,Accessories,Herbal Remedy,accessory_herbal_remedy,,t14herb,accessory_herbal_remedy_t14herb.png,src/assets/Items/Herbal Medicine/accessory_herbal_remedy_t14herb.png,t14herb.png,
Herbal Medicine,Accessories,Herbal Remedy,accessory_herbal_remedy,,t15herb,accessory_herbal_remedy_t15herb.png,src/assets/Items/Herbal Medicine/accessory_herbal_remedy_t15herb.png,t15herb.png,
Herbal Medicine,Accessories,Herbal Remedy,accessory_herbal_remedy,,t16herb,accessory_herbal_remedy_t16herb.png,src/assets/Items/Herbal Medicine/accessory_herbal_remedy_t16herb.png,t16herb.png,
Herbal Medicine,Accessories,Herbal Remedy,accessory_herbal_remedy,,thanksgivingherb,accessory_herbal_remedy_thanksgivingherb.png,src/assets/Items/Herbal Medicine/accessory_herbal_remedy_thanksgivingherb.png,thanksgivingherb.png,
Herbal Medicine,Accessories,Herbal Remedy,accessory_herbal_remedy,,thanksgivingherb2,accessory_herbal_remedy_thanksgivingherb2.png,src/assets/Items/Herbal Medicine/accessory_herbal_remedy_thanksgivingherb2.png,thanksgivingherb2.png,
Herbal Medicine,Accessories,Herbal Remedy,accessory_herbal_remedy,,valentineherb,accessory_herbal_remedy_valentineherb.png,src/assets/Items/Herbal Medicine/accessory_herbal_remedy_valentineherb.png,valentineherb.png,
Herbal Medicine,Accessories,Herbal Remedy,accessory_herbal_remedy,,valentineherb2,accessory_herbal_remedy_valentineherb2.png,src/assets/Items/Herbal Medicine/accessory_herbal_remedy_valentineherb2.png,valentineherb2.png,
Herbal Medicine,Accessories,Herbal Remedy,accessory_herbal_remedy,,vampireherb,accessory_herbal_remedy_vampireherb.png,src/assets/Items/Herbal Medicine/accessory_herbal_remedy_vampireherb.png,vampireherb.png,
Herbal Medicine,Accessories,Herbal Remedy,accessory_herbal_remedy,,wolfsbane,accessory_herbal_remedy_wolfsbane.png,src/assets/Items/Herbal Medicine/accessory_herbal_remedy_wolfsbane.png,wolfsbane.png,
Herbal Medicine,Accessories,Herbal Remedy,accessory_herbal_remedy,,wyrmblood,accessory_herbal_remedy_wyrmblood.png,src/assets/Items/Herbal Medicine/accessory_herbal_remedy_wyrmblood.png,wyrmblood.png,
Herbal Medicine,Accessories,Herbal Remedy,accessory_herbal_remedy,,yggdrasilbranch,accessory_herbal_remedy_yggdrasilbranch.png,src/assets/Items/Herbal Medicine/accessory_herbal_remedy_yggdrasilbranch.png,yggdrasilbranch.png,
Idols,Accessories,Idol,accessory_idol,,lucky7idol,accessory_idol_lucky7idol.png,src/assets/Items/Idols/accessory_idol_lucky7idol.png,lucky7idol.png,
Idols,Accessories,Idol,accessory_idol,,magicalgirlidol,accessory_idol_magicalgirlidol.png,src/assets/Items/Idols/accessory_idol_magicalgirlidol.png,magicalgirlidol.png,
Idols,Accessories,Idol,accessory_idol,,platinumidol,accessory_idol_platinumidol.png,src/assets/Items/Idols/accessory_idol_platinumidol.png,platinumidol.png,
Idols,Accessories,Idol,accessory_idol,,singleidol,accessory_idol_singleidol.png,src/assets/Items/Idols/accessory_idol_singleidol.png,singleidol.png,
Idols,Accessories,Idol,accessory_idol,,spellbladeidol,accessory_idol_spellbladeidol.png,src/assets/Items/Idols/accessory_idol_spellbladeidol.png,spellbladeidol.png,
Idols,Accessories,Idol,accessory_idol,,t10idol,accessory_idol_t10idol.png,src/assets/Items/Idols/accessory_idol_t10idol.png,t10idol.png,
Idols,Accessories,Idol,accessory_idol,,t11idol,accessory_idol_t11idol.png,src/assets/Items/Idols/accessory_idol_t11idol.png,t11idol.png,
Idols,Accessories,Idol,accessory_idol,,t12idol,accessory_idol_t12idol.png,src/assets/Items/Idols/accessory_idol_t12idol.png,t12idol.png,
Idols,Accessories,Idol,accessory_idol,,t13idol,accessory_idol_t13idol.png,src/assets/Items/Idols/accessory_idol_t13idol.png,t13idol.png,
Idols,Accessories,Idol,accessory_idol,,t14idol,accessory_idol_t14idol.png,src/assets/Items/Idols/accessory_idol_t14idol.png,t14idol.png,
Idols,Accessories,Idol,accessory_idol,,t15idol,accessory_idol_t15idol.png,src/assets/Items/Idols/accessory_idol_t15idol.png,t15idol.png,
Idols,Accessories,Idol,accessory_idol,,t16idol,accessory_idol_t16idol.png,src/assets/Items/Idols/accessory_idol_t16idol.png,t16idol.png,
Idols,Accessories,Idol,accessory_idol,,t5idol,accessory_idol_t5idol.png,src/assets/Items/Idols/accessory_idol_t5idol.png,t5idol.png,
Idols,Accessories,Idol,accessory_idol,,t6idol,accessory_idol_t6idol.png,src/assets/Items/Idols/accessory_idol_t6idol.png,t6idol.png,
Idols,Accessories,Idol,accessory_idol,,t7idol,accessory_idol_t7idol.png,src/assets/Items/Idols/accessory_idol_t7idol.png,t7idol.png,
Idols,Accessories,Idol,accessory_idol,,t8idol,accessory_idol_t8idol.png,src/assets/Items/Idols/accessory_idol_t8idol.png,t8idol.png,
Idols,Accessories,Idol,accessory_idol,,t9idol,accessory_idol_t9idol.png,src/assets/Items/Idols/accessory_idol_t9idol.png,t9idol.png,
Instruments,Weapons,Instrument,weapon_instrument,,airguitar,weapon_instrument_airguitar.png,src/assets/Items/Instruments/weapon_instrument_airguitar.png,airguitar.png,
Instruments,Weapons,Instrument,weapon_instrument,,froginstrument,weapon_instrument_froginstrument.png,src/assets/Items/Instruments/weapon_instrument_froginstrument.png,froginstrument.png,
Instruments,Weapons,Instrument,weapon_instrument,,keytar,weapon_instrument_keytar.png,src/assets/Items/Instruments/weapon_instrument_keytar.png,keytar.png,
Instruments,Weapons,Instrument,weapon_instrument,,lunarinstrument,weapon_instrument_lunarinstrument.png,src/assets/Items/Instruments/weapon_instrument_lunarinstrument.png,lunarinstrument.png,
Instruments,Weapons,Instrument,weapon_instrument,,metalinstrument,weapon_instrument_metalinstrument.png,src/assets/Items/Instruments/weapon_instrument_metalinstrument.png,metalinstrument.png,
Instruments,Weapons,Instrument,weapon_instrument,,platinuminstrument,weapon_instrument_platinuminstrument.png,src/assets/Items/Instruments/weapon_instrument_platinuminstrument.png,platinuminstrument.png,
Instruments,Weapons,Instrument,weapon_instrument,,pumpkininstrument,weapon_instrument_pumpkininstrument.png,src/assets/Items/Instruments/weapon_instrument_pumpkininstrument.png,pumpkininstrument.png,
Instruments,Weapons,Instrument,weapon_instrument,,skyinstrument,weapon_instrument_skyinstrument.png,src/assets/Items/Instruments/weapon_instrument_skyinstrument.png,skyinstrument.png,
Instruments,Weapons,Instrument,weapon_instrument,,t10instrument,weapon_instrument_t10instrument.png,src/assets/Items/Instruments/weapon_instrument_t10instrument.png,t10instrument.png,
Instruments,Weapons,Instrument,weapon_instrument,,t11instrument,weapon_instrument_t11instrument.png,src/assets/Items/Instruments/weapon_instrument_t11instrument.png,t11instrument.png,
Instruments,Weapons,Instrument,weapon_instrument,,t12instrument,weapon_instrument_t12instrument.png,src/assets/Items/Instruments/weapon_instrument_t12instrument.png,t12instrument.png,
Instruments,Weapons,Instrument,weapon_instrument,,t13instrument,weapon_instrument_t13instrument.png,src/assets/Items/Instruments/weapon_instrument_t13instrument.png,t13instrument.png,
Instruments,Weapons,Instrument,weapon_instrument,,t14instrument,weapon_instrument_t14instrument.png,src/assets/Items/Instruments/weapon_instrument_t14instrument.png,t14instrument.png,
Instruments,Weapons,Instrument,weapon_instrument,,t15instrument,weapon_instrument_t15instrument.png,src/assets/Items/Instruments/weapon_instrument_t15instrument.png,t15instrument.png,
Instruments,Weapons,Instrument,weapon_instrument,,t16instrument,weapon_instrument_t16instrument.png,src/assets/Items/Instruments/weapon_instrument_t16instrument.png,t16instrument.png,
Instruments,Weapons,Instrument,weapon_instrument,,t3instrument,weapon_instrument_t3instrument.png,src/assets/Items/Instruments/weapon_instrument_t3instrument.png,t3instrument.png,
Instruments,Weapons,Instrument,weapon_instrument,,t4instrument,weapon_instrument_t4instrument.png,src/assets/Items/Instruments/weapon_instrument_t4instrument.png,t4instrument.png,
Instruments,Weapons,Instrument,weapon_instrument,,t5instrument,weapon_instrument_t5instrument.png,src/assets/Items/Instruments/weapon_instrument_t5instrument.png,t5instrument.png,
Instruments,Weapons,Instrument,weapon_instrument,,t6instrument,weapon_instrument_t6instrument.png,src/assets/Items/Instruments/weapon_instrument_t6instrument.png,t6instrument.png,
Instruments,Weapons,Instrument,weapon_instrument,,t7instrument,weapon_instrument_t7instrument.png,src/assets/Items/Instruments/weapon_instrument_t7instrument.png,t7instrument.png,
Instruments,Weapons,Instrument,weapon_instrument,,t8instrument,weapon_instrument_t8instrument.png,src/assets/Items/Instruments/weapon_instrument_t8instrument.png,t8instrument.png,
Instruments,Weapons,Instrument,weapon_instrument,,t9instrument,weapon_instrument_t9instrument.png,src/assets/Items/Instruments/weapon_instrument_t9instrument.png,t9instrument.png,
Light Armor,Armor,Light Armor,armor_light_armor,,airshiparmor,armor_light_armor_airshiparmor.png,src/assets/Items/Light Armor/armor_light_armor_airshiparmor.png,airshiparmor.png,
Light Armor,Armor,Light Armor,armor_light_armor,,arabianmediumarmor,armor_light_armor_arabianmediumarmor.png,src/assets/Items/Light Armor/armor_light_armor_arabianmediumarmor.png,arabianmediumarmor.png,
Light Armor,Armor,Light Armor,armor_light_armor,,batarmor,armor_light_armor_batarmor.png,src/assets/Items/Light Armor/armor_light_armor_batarmor.png,batarmor.png,
Light Armor,Armor,Light Armor,armor_light_armor,,boarmediumarmor,armor_light_armor_boarmediumarmor.png,src/assets/Items/Light Armor/armor_light_armor_boarmediumarmor.png,boarmediumarmor.png,
Light Armor,Armor,Light Armor,armor_light_armor,,captainarmor,armor_light_armor_captainarmor.png,src/assets/Items/Light Armor/armor_light_armor_captainarmor.png,captainarmor.png,
Light Armor,Armor,Light Armor,armor_light_armor,,catarmor,armor_light_armor_catarmor.png,src/assets/Items/Light Armor/armor_light_armor_catarmor.png,catarmor.png,
Light Armor,Armor,Light Armor,armor_light_armor,,cincomedarmor,armor_light_armor_cincomedarmor.png,src/assets/Items/Light Armor/armor_light_armor_cincomedarmor.png,cincomedarmor.png,
Light Armor,Armor,Light Armor,armor_light_armor,,desertmediumarmor,armor_light_armor_desertmediumarmor.png,src/assets/Items/Light Armor/armor_light_armor_desertmediumarmor.png,desertmediumarmor.png,
Light Armor,Armor,Light Armor,armor_light_armor,,doublet,armor_light_armor_doublet.png,src/assets/Items/Light Armor/armor_light_armor_doublet.png,doublet.png,
Light Armor,Armor,Light Armor,armor_light_armor,,dragonarmor,armor_light_armor_dragonarmor.png,src/assets/Items/Light Armor/armor_light_armor_dragonarmor.png,dragonarmor.png,
Light Armor,Armor,Light Armor,armor_light_armor,,dreammediumarmor,armor_light_armor_dreammediumarmor.png,src/assets/Items/Light Armor/armor_light_armor_dreammediumarmor.png,dreammediumarmor.png,
Light Armor,Armor,Light Armor,armor_light_armor,,goldroguearmor,armor_light_armor_goldroguearmor.png,src/assets/Items/Light Armor/armor_light_armor_goldroguearmor.png,goldroguearmor.png,
Light Armor,Armor,Light Armor,armor_light_armor,,greekmediumarmor,armor_light_armor_greekmediumarmor.png,src/assets/Items/Light Armor/armor_light_armor_greekmediumarmor.png,greekmediumarmor.png,
Light Armor,Armor,Light Armor,armor_light_armor,,hide,armor_light_armor_hide.png,src/assets/Items/Light Armor/armor_light_armor_hide.png,hide.png,
Light Armor,Armor,Light Armor,armor_light_armor,,jackalopearmor,armor_light_armor_jackalopearmor.png,src/assets/Items/Light Armor/armor_light_armor_jackalopearmor.png,jackalopearmor.png,
Light Armor,Armor,Light Armor,armor_light_armor,,jestermediumarmor,armor_light_armor_jestermediumarmor.png,src/assets/Items/Light Armor/armor_light_armor_jestermediumarmor.png,jestermediumarmor.png,
Light Armor,Armor,Light Armor,armor_light_armor,,kingmediumarmor,armor_light_armor_kingmediumarmor.png,src/assets/Items/Light Armor/armor_light_armor_kingmediumarmor.png,kingmediumarmor.png,
Light Armor,Armor,Light Armor,armor_light_armor,,leatherarmor,armor_light_armor_leatherarmor.png,src/assets/Items/Light Armor/armor_light_armor_leatherarmor.png,leatherarmor.png,
Light Armor,Armor,Light Armor,armor_light_armor,,lucky7roguearmor,armor_light_armor_lucky7roguearmor.png,src/assets/Items/Light Armor/armor_light_armor_lucky7roguearmor.png,lucky7roguearmor.png,
Light Armor,Armor,Light Armor,armor_light_armor,,lunarmedarmor,armor_light_armor_lunarmedarmor.png,src/assets/Items/Light Armor/armor_light_armor_lunarmedarmor.png,lunarmedarmor.png,
Light Armor,Armor,Light Armor,armor_light_armor,,lunarmediumarmor,armor_light_armor_lunarmediumarmor.png,src/assets/Items/Light Armor/armor_light_armor_lunarmediumarmor.png,lunarmediumarmor.png,
Light Armor,Armor,Light Armor,armor_light_armor,,mundraarmor,armor_light_armor_mundraarmor.png,src/assets/Items/Light Armor/armor_light_armor_mundraarmor.png,mundraarmor.png,
Light Armor,Armor,Light Armor,armor_light_armor,,ninjagarb,armor_light_armor_ninjagarb.png,src/assets/Items/Light Armor/armor_light_armor_ninjagarb.png,ninjagarb.png,
Light Armor,Armor,Light Armor,armor_light_armor,,padded,armor_light_armor_padded.png,src/assets/Items/Light Armor/armor_light_armor_padded.png,padded.png,
Light Armor,Armor,Light Armor,armor_light_armor,,platinummediumarmor,armor_light_armor_platinummediumarmor.png,src/assets/Items/Light Armor/armor_light_armor_platinummediumarmor.png,platinummediumarmor.png,
Light Armor,Armor,Light Armor,armor_light_armor,,porcelainmediumarmor,armor_light_armor_porcelainmediumarmor.png,src/assets/Items/Light Armor/armor_light_armor_porcelainmediumarmor.png,porcelainmediumarmor.png,
Light Armor,Armor,Light Armor,armor_light_armor,,pumpkinarmor,armor_light_armor_pumpkinarmor.png,src/assets/Items/Light Armor/armor_light_armor_pumpkinarmor.png,pumpkinarmor.png,
Light Armor,Armor,Light Armor,armor_light_armor,,savagearmor,armor_light_armor_savagearmor.png,src/assets/Items/Light Armor/armor_light_armor_savagearmor.png,savagearmor.png,
Light Armor,Armor,Light Armor,armor_light_armor,,shoprmediumarmor,armor_light_armor_shoprmediumarmor.png,src/assets/Items/Light Armor/armor_light_armor_shoprmediumarmor.png,shoprmediumarmor.png,
Light Armor,Armor,Light Armor,armor_light_armor,,siaarmor,armor_light_armor_siaarmor.png,src/assets/Items/Light Armor/armor_light_armor_siaarmor.png,siaarmor.png,
Light Armor,Armor,Light Armor,armor_light_armor,,siamediumarmor,armor_light_armor_siamediumarmor.png,src/assets/Items/Light Armor/armor_light_armor_siamediumarmor.png,siamediumarmor.png,
Light Armor,Armor,Light Armor,armor_light_armor,,smithapron,armor_light_armor_smithapron.png,src/assets/Items/Light Armor/armor_light_armor_smithapron.png,smithapron.png,
Light Armor,Armor,Light Armor,armor_light_armor,,studded,armor_light_armor_studded.png,src/assets/Items/Light Armor/armor_light_armor_studded.png,studded.png,
Light Armor,Armor,Light Armor,armor_light_armor,,t12mediumarmor,armor_light_armor_t12mediumarmor.png,src/assets/Items/Light Armor/armor_light_armor_t12mediumarmor.png,t12mediumarmor.png,
Light Armor,Armor,Light Armor,armor_light_armor,,t13mediumarmor,armor_light_armor_t13mediumarmor.png,src/assets/Items/Light Armor/armor_light_armor_t13mediumarmor.png,t13mediumarmor.png,
Light Armor,Armor,Light Armor,armor_light_armor,,t14mediumarmor,armor_light_armor_t14mediumarmor.png,src/assets/Items/Light Armor/armor_light_armor_t14mediumarmor.png,t14mediumarmor.png,
Light Armor,Armor,Light Armor,armor_light_armor,,t15mediumarmor,armor_light_armor_t15mediumarmor.png,src/assets/Items/Light Armor/armor_light_armor_t15mediumarmor.png,t15mediumarmor.png,
Light Armor,Armor,Light Armor,armor_light_armor,,t16mediumarmor,armor_light_armor_t16mediumarmor.png,src/assets/Items/Light Armor/armor_light_armor_t16mediumarmor.png,t16mediumarmor.png,
Light Armor,Armor,Light Armor,armor_light_armor,,tamasmediumarmor,armor_light_armor_tamasmediumarmor.png,src/assets/Items/Light Armor/armor_light_armor_tamasmediumarmor.png,tamasmediumarmor.png,
Light Armor,Armor,Light Armor,armor_light_armor,,troblinarmor,armor_light_armor_troblinarmor.png,src/assets/Items/Light Armor/armor_light_armor_troblinarmor.png,troblinarmor.png,
Light Armor,Armor,Light Armor,armor_light_armor,,varsitymediumarmor,armor_light_armor_varsitymediumarmor.png,src/assets/Items/Light Armor/armor_light_armor_varsitymediumarmor.png,varsitymediumarmor.png,
Light Armor,Armor,Light Armor,armor_light_armor,,volcanomedarmor,armor_light_armor_volcanomedarmor.png,src/assets/Items/Light Armor/armor_light_armor_volcanomedarmor.png,volcanomedarmor.png,
Light Armor,Armor,Light Armor,armor_light_armor,,westernarmor,armor_light_armor_westernarmor.png,src/assets/Items/Light Armor/armor_light_armor_westernarmor.png,westernarmor.png,
Light Armor,Armor,Light Armor,armor_light_armor,,windrunnerarmor,armor_light_armor_windrunnerarmor.png,src/assets/Items/Light Armor/armor_light_armor_windrunnerarmor.png,windrunnerarmor.png,
Light Armor,Armor,Light Armor,armor_light_armor,,winterarmor,armor_light_armor_winterarmor.png,src/assets/Items/Light Armor/armor_light_armor_winterarmor.png,winterarmor.png,
Light Footwear,Armor,Light Footwear,armor_light_footwear,,arabianshoes,armor_light_footwear_arabianshoes.png,src/assets/Items/Light Footwear/armor_light_footwear_arabianshoes.png,arabianshoes.png,
Light Footwear,Armor,Light Footwear,armor_light_footwear,,batshoes,armor_light_footwear_batshoes.png,src/assets/Items/Light Footwear/armor_light_footwear_batshoes.png,batshoes.png,
Light Footwear,Armor,Light Footwear,armor_light_footwear,,birdshoes,armor_light_footwear_birdshoes.png,src/assets/Items/Light Footwear/armor_light_footwear_birdshoes.png,birdshoes.png,
Light Footwear,Armor,Light Footwear,armor_light_footwear,,blossomshoes,armor_light_footwear_blossomshoes.png,src/assets/Items/Light Footwear/armor_light_footwear_blossomshoes.png,blossomshoes.png,
Light Footwear,Armor,Light Footwear,armor_light_footwear,,captainshoes,armor_light_footwear_captainshoes.png,src/assets/Items/Light Footwear/armor_light_footwear_captainshoes.png,captainshoes.png,
Light Footwear,Armor,Light Footwear,armor_light_footwear,,cardboardshoes,armor_light_footwear_cardboardshoes.png,src/assets/Items/Light Footwear/armor_light_footwear_cardboardshoes.png,cardboardshoes.png,
Light Footwear,Armor,Light Footwear,armor_light_footwear,,castleshoe,armor_light_footwear_castleshoe.png,src/assets/Items/Light Footwear/armor_light_footwear_castleshoe.png,castleshoe.png,
Light Footwear,Armor,Light Footwear,armor_light_footwear,,cincoshoes2020,armor_light_footwear_cincoshoes2020.png,src/assets/Items/Light Footwear/armor_light_footwear_cincoshoes2020.png,cincoshoes2020.png,
Light Footwear,Armor,Light Footwear,armor_light_footwear,,dragonshoes,armor_light_footwear_dragonshoes.png,src/assets/Items/Light Footwear/armor_light_footwear_dragonshoes.png,dragonshoes.png,
Light Footwear,Armor,Light Footwear,armor_light_footwear,,elvenshoes,armor_light_footwear_elvenshoes.png,src/assets/Items/Light Footwear/armor_light_footwear_elvenshoes.png,elvenshoes.png,
Light Footwear,Armor,Light Footwear,armor_light_footwear,,fairytaleshoes,armor_light_footwear_fairytaleshoes.png,src/assets/Items/Light Footwear/armor_light_footwear_fairytaleshoes.png,fairytaleshoes.png,
Light Footwear,Armor,Light Footwear,armor_light_footwear,,flowersandals,armor_light_footwear_flowersandals.png,src/assets/Items/Light Footwear/armor_light_footwear_flowersandals.png,flowersandals.png,
Light Footwear,Armor,Light Footwear,armor_light_footwear,,forestshoes,armor_light_footwear_forestshoes.png,src/assets/Items/Light Footwear/armor_light_footwear_forestshoes.png,forestshoes.png,
Light Footwear,Armor,Light Footwear,armor_light_footwear,,goldshoes,armor_light_footwear_goldshoes.png,src/assets/Items/Light Footwear/armor_light_footwear_goldshoes.png,goldshoes.png,
Light Footwear,Armor,Light Footwear,armor_light_footwear,,greekshoes,armor_light_footwear_greekshoes.png,src/assets/Items/Light Footwear/armor_light_footwear_greekshoes.png,greekshoes.png,
Light Footwear,Armor,Light Footwear,armor_light_footwear,,harpyshoes,armor_light_footwear_harpyshoes.png,src/assets/Items/Light Footwear/armor_light_footwear_harpyshoes.png,harpyshoes.png,
Light Footwear,Armor,Light Footwear,armor_light_footwear,,icecreamshoes,armor_light_footwear_icecreamshoes.png,src/assets/Items/Light Footwear/armor_light_footwear_icecreamshoes.png,icecreamshoes.png,
Light Footwear,Armor,Light Footwear,armor_light_footwear,,inuitshoes,armor_light_footwear_inuitshoes.png,src/assets/Items/Light Footwear/armor_light_footwear_inuitshoes.png,inuitshoes.png,
Light Footwear,Armor,Light Footwear,armor_light_footwear,,jackalopeshoes,armor_light_footwear_jackalopeshoes.png,src/assets/Items/Light Footwear/armor_light_footwear_jackalopeshoes.png,jackalopeshoes.png,
Light Footwear,Armor,Light Footwear,armor_light_footwear,,junimayshoes,armor_light_footwear_junimayshoes.png,src/assets/Items/Light Footwear/armor_light_footwear_junimayshoes.png,junimayshoes.png,
Light Footwear,Armor,Light Footwear,armor_light_footwear,,jurassicshoes,armor_light_footwear_jurassicshoes.png,src/assets/Items/Light Footwear/armor_light_footwear_jurassicshoes.png,jurassicshoes.png,
Light Footwear,Armor,Light Footwear,armor_light_footwear,,leatherboots,armor_light_footwear_leatherboots.png,src/assets/Items/Light Footwear/armor_light_footwear_leatherboots.png,leatherboots.png,
Light Footwear,Armor,Light Footwear,armor_light_footwear,,lilushoes,armor_light_footwear_lilushoes.png,src/assets/Items/Light Footwear/armor_light_footwear_lilushoes.png,lilushoes.png,
Light Footwear,Armor,Light Footwear,armor_light_footwear,,lucky7shoes,armor_light_footwear_lucky7shoes.png,src/assets/Items/Light Footwear/armor_light_footwear_lucky7shoes.png,lucky7shoes.png,
Light Footwear,Armor,Light Footwear,armor_light_footwear,,lunarboots,armor_light_footwear_lunarboots.png,src/assets/Items/Light Footwear/armor_light_footwear_lunarboots.png,lunarboots.png,
Light Footwear,Armor,Light Footwear,armor_light_footwear,,metalshoes,armor_light_footwear_metalshoes.png,src/assets/Items/Light Footwear/armor_light_footwear_metalshoes.png,metalshoes.png,
Light Footwear,Armor,Light Footwear,armor_light_footwear,,moonshoes,armor_light_footwear_moonshoes.png,src/assets/Items/Light Footwear/armor_light_footwear_moonshoes.png,moonshoes.png,
Light Footwear,Armor,Light Footwear,armor_light_footwear,,ninjatabi,armor_light_footwear_ninjatabi.png,src/assets/Items/Light Footwear/armor_light_footwear_ninjatabi.png,ninjatabi.png,
Light Footwear,Armor,Light Footwear,armor_light_footwear,,phoenixshoes,armor_light_footwear_phoenixshoes.png,src/assets/Items/Light Footwear/armor_light_footwear_phoenixshoes.png,phoenixshoes.png,
Light Footwear,Armor,Light Footwear,armor_light_footwear,,platinumshoes,armor_light_footwear_platinumshoes.png,src/assets/Items/Light Footwear/armor_light_footwear_platinumshoes.png,platinumshoes.png,
Light Footwear,Armor,Light Footwear,armor_light_footwear,,pumpkinshoes,armor_light_footwear_pumpkinshoes.png,src/assets/Items/Light Footwear/armor_light_footwear_pumpkinshoes.png,pumpkinshoes.png,
Light Footwear,Armor,Light Footwear,armor_light_footwear,,romansandals,armor_light_footwear_romansandals.png,src/assets/Items/Light Footwear/armor_light_footwear_romansandals.png,romansandals.png,
Light Footwear,Armor,Light Footwear,armor_light_footwear,,roseshoes,armor_light_footwear_roseshoes.png,src/assets/Items/Light Footwear/armor_light_footwear_roseshoes.png,roseshoes.png,
Light Footwear,Armor,Light Footwear,armor_light_footwear,,ruinsshoes,armor_light_footwear_ruinsshoes.png,src/assets/Items/Light Footwear/armor_light_footwear_ruinsshoes.png,ruinsshoes.png,
Light Footwear,Armor,Light Footwear,armor_light_footwear,,sandals,armor_light_footwear_sandals.png,src/assets/Items/Light Footwear/armor_light_footwear_sandals.png,sandals.png,
Light Footwear,Armor,Light Footwear,armor_light_footwear,,savageshoes,armor_light_footwear_savageshoes.png,src/assets/Items/Light Footwear/armor_light_footwear_savageshoes.png,savageshoes.png,
Light Footwear,Armor,Light Footwear,armor_light_footwear,,selfcareshoes,armor_light_footwear_selfcareshoes.png,src/assets/Items/Light Footwear/armor_light_footwear_selfcareshoes.png,selfcareshoes.png,
Light Footwear,Armor,Light Footwear,armor_light_footwear,,shoprshoes,armor_light_footwear_shoprshoes.png,src/assets/Items/Light Footwear/armor_light_footwear_shoprshoes.png,shoprshoes.png,
Light Footwear,Armor,Light Footwear,armor_light_footwear,,siashoes,armor_light_footwear_siashoes.png,src/assets/Items/Light Footwear/armor_light_footwear_siashoes.png,siashoes.png,
Light Footwear,Armor,Light Footwear,armor_light_footwear,,softshoes,armor_light_footwear_softshoes.png,src/assets/Items/Light Footwear/armor_light_footwear_softshoes.png,softshoes.png,
Light Footwear,Armor,Light Footwear,armor_light_footwear,,summerbodshoes,armor_light_footwear_summerbodshoes.png,src/assets/Items/Light Footwear/armor_light_footwear_summerbodshoes.png,summerbodshoes.png,
Light Footwear,Armor,Light Footwear,armor_light_footwear,,t12shoes,armor_light_footwear_t12shoes.png,src/assets/Items/Light Footwear/armor_light_footwear_t12shoes.png,t12shoes.png,
Light Footwear,Armor,Light Footwear,armor_light_footwear,,t13shoes,armor_light_footwear_t13shoes.png,src/assets/Items/Light Footwear/armor_light_footwear_t13shoes.png,t13shoes.png,
Light Footwear,Armor,Light Footwear,armor_light_footwear,,t14shoes,armor_light_footwear_t14shoes.png,src/assets/Items/Light Footwear/armor_light_footwear_t14shoes.png,t14shoes.png,
Light Footwear,Armor,Light Footwear,armor_light_footwear,,t15shoes,armor_light_footwear_t15shoes.png,src/assets/Items/Light Footwear/armor_light_footwear_t15shoes.png,t15shoes.png,
Light Footwear,Armor,Light Footwear,armor_light_footwear,,t16shoes,armor_light_footwear_t16shoes.png,src/assets/Items/Light Footwear/armor_light_footwear_t16shoes.png,t16shoes.png,
Light Footwear,Armor,Light Footwear,armor_light_footwear,,thanksgivingshoes,armor_light_footwear_thanksgivingshoes.png,src/assets/Items/Light Footwear/armor_light_footwear_thanksgivingshoes.png,thanksgivingshoes.png,
Light Footwear,Armor,Light Footwear,armor_light_footwear,,thiefshoes,armor_light_footwear_thiefshoes.png,src/assets/Items/Light Footwear/armor_light_footwear_thiefshoes.png,thiefshoes.png,
Light Footwear,Armor,Light Footwear,armor_light_footwear,,varsityshoes,armor_light_footwear_varsityshoes.png,src/assets/Items/Light Footwear/armor_light_footwear_varsityshoes.png,varsityshoes.png,
Light Footwear,Armor,Light Footwear,armor_light_footwear,,voidshoes,armor_light_footwear_voidshoes.png,src/assets/Items/Light Footwear/armor_light_footwear_voidshoes.png,voidshoes.png,
Light Footwear,Armor,Light Footwear,armor_light_footwear,,werewolfshoes,armor_light_footwear_werewolfshoes.png,src/assets/Items/Light Footwear/armor_light_footwear_werewolfshoes.png,werewolfshoes.png,
Light Footwear,Armor,Light Footwear,armor_light_footwear,,westernshoes,armor_light_footwear_westernshoes.png,src/assets/Items/Light Footwear/armor_light_footwear_westernshoes.png,westernshoes.png,
Light Footwear,Armor,Light Footwear,armor_light_footwear,,windrunnerboots,armor_light_footwear_windrunnerboots.png,src/assets/Items/Light Footwear/armor_light_footwear_windrunnerboots.png,windrunnerboots.png,
Maces,Weapons,Mace,weapon_mace,,ancienthammer,weapon_mace_ancienthammer.png,src/assets/Items/Maces/weapon_mace_ancienthammer.png,ancienthammer.png,
Maces,Weapons,Mace,weapon_mace,,arcademace,weapon_mace_arcademace.png,src/assets/Items/Maces/weapon_mace_arcademace.png,arcademace.png,
Maces,Weapons,Mace,weapon_mace,,artifactmace,weapon_mace_artifactmace.png,src/assets/Items/Maces/weapon_mace_artifactmace.png,artifactmace.png,
Maces,Weapons,Mace,weapon_mace,,candyhammer,weapon_mace_candyhammer.png,src/assets/Items/Maces/weapon_mace_candyhammer.png,candyhammer.png,
Maces,Weapons,Mace,weapon_mace,,christmasmace,weapon_mace_christmasmace.png,src/assets/Items/Maces/weapon_mace_christmasmace.png,christmasmace.png,
Maces,Weapons,Mace,weapon_mace,,club,weapon_mace_club.png,src/assets/Items/Maces/weapon_mace_club.png,club.png,
Maces,Weapons,Mace,weapon_mace,,communitymace,weapon_mace_communitymace.png,src/assets/Items/Maces/weapon_mace_communitymace.png,communitymace.png,
Maces,Weapons,Mace,weapon_mace,,coralmace,weapon_mace_coralmace.png,src/assets/Items/Maces/weapon_mace_coralmace.png,coralmace.png,
Maces,Weapons,Mace,weapon_mace,,cybermace,weapon_mace_cybermace.png,src/assets/Items/Maces/weapon_mace_cybermace.png,cybermace.png,
Maces,Weapons,Mace,weapon_mace,,dragonmace,weapon_mace_dragonmace.png,src/assets/Items/Maces/weapon_mace_dragonmace.png,dragonmace.png,
Maces,Weapons,Mace,weapon_mace,,eastermace,weapon_mace_eastermace.png,src/assets/Items/Maces/weapon_mace_eastermace.png,eastermace.png,
Maces,Weapons,Mace,weapon_mace,,emeraldhammer,weapon_mace_emeraldhammer.png,src/assets/Items/Maces/weapon_mace_emeraldhammer.png,emeraldhammer.png,
Maces,Weapons,Mace,weapon_mace,,forestmace,weapon_mace_forestmace.png,src/assets/Items/Maces/weapon_mace_forestmace.png,forestmace.png,
Maces,Weapons,Mace,weapon_mace,,freedommace,weapon_mace_freedommace.png,src/assets/Items/Maces/weapon_mace_freedommace.png,freedommace.png,
Maces,Weapons,Mace,weapon_mace,,goldhammer,weapon_mace_goldhammer.png,src/assets/Items/Maces/weapon_mace_goldhammer.png,goldhammer.png,
Maces,Weapons,Mace,weapon_mace,,gothicmace,weapon_mace_gothicmace.png,src/assets/Items/Maces/weapon_mace_gothicmace.png,gothicmace.png,
Maces,Weapons,Mace,weapon_mace,,halloweenmace,weapon_mace_halloweenmace.png,src/assets/Items/Maces/weapon_mace_halloweenmace.png,halloweenmace.png,
Maces,Weapons,Mace,weapon_mace,,hammer,weapon_mace_hammer.png,src/assets/Items/Maces/weapon_mace_hammer.png,hammer.png,
Maces,Weapons,Mace,weapon_mace,,heavymace,weapon_mace_heavymace.png,src/assets/Items/Maces/weapon_mace_heavymace.png,heavymace.png,
Maces,Weapons,Mace,weapon_mace,,jurassicmace,weapon_mace_jurassicmace.png,src/assets/Items/Maces/weapon_mace_jurassicmace.png,jurassicmace.png,
Maces,Weapons,Mace,weapon_mace,,kingmace,weapon_mace_kingmace.png,src/assets/Items/Maces/weapon_mace_kingmace.png,kingmace.png,
Maces,Weapons,Mace,weapon_mace,,libertymace,weapon_mace_libertymace.png,src/assets/Items/Maces/weapon_mace_libertymace.png,libertymace.png,
Maces,Weapons,Mace,weapon_mace,,lunarmace,weapon_mace_lunarmace.png,src/assets/Items/Maces/weapon_mace_lunarmace.png,lunarmace.png,
Maces,Weapons,Mace,weapon_mace,,makerhammer,weapon_mace_makerhammer.png,src/assets/Items/Maces/weapon_mace_makerhammer.png,makerhammer.png,
Maces,Weapons,Mace,weapon_mace,,midnightstar,weapon_mace_midnightstar.png,src/assets/Items/Maces/weapon_mace_midnightstar.png,midnightstar.png,
Maces,Weapons,Mace,weapon_mace,,morningstar,weapon_mace_morningstar.png,src/assets/Items/Maces/weapon_mace_morningstar.png,morningstar.png,
Maces,Weapons,Mace,weapon_mace,,mundrahammer,weapon_mace_mundrahammer.png,src/assets/Items/Maces/weapon_mace_mundrahammer.png,mundrahammer.png,
Maces,Weapons,Mace,weapon_mace,,musicmace,weapon_mace_musicmace.png,src/assets/Items/Maces/weapon_mace_musicmace.png,musicmace.png,
Maces,Weapons,Mace,weapon_mace,,naturehammer,weapon_mace_naturehammer.png,src/assets/Items/Maces/weapon_mace_naturehammer.png,naturehammer.png,
Maces,Weapons,Mace,weapon_mace,,nautilus,weapon_mace_nautilus.png,src/assets/Items/Maces/weapon_mace_nautilus.png,nautilus.png,
Maces,Weapons,Mace,weapon_mace,,newyearmace,weapon_mace_newyearmace.png,src/assets/Items/Maces/weapon_mace_newyearmace.png,newyearmace.png,
Maces,Weapons,Mace,weapon_mace,,peakhammer,weapon_mace_peakhammer.png,src/assets/Items/Maces/weapon_mace_peakhammer.png,peakhammer.png,
Maces,Weapons,Mace,weapon_mace,,platinummace,weapon_mace_platinummace.png,src/assets/Items/Maces/weapon_mace_platinummace.png,platinummace.png,
Maces,Weapons,Mace,weapon_mace,,powderkeg,weapon_mace_powderkeg.png,src/assets/Items/Maces/weapon_mace_powderkeg.png,powderkeg.png,
Maces,Weapons,Mace,weapon_mace,,pumpkinmace,weapon_mace_pumpkinmace.png,src/assets/Items/Maces/weapon_mace_pumpkinmace.png,pumpkinmace.png,
Maces,Weapons,Mace,weapon_mace,,pyramidmace,weapon_mace_pyramidmace.png,src/assets/Items/Maces/weapon_mace_pyramidmace.png,pyramidmace.png,
Maces,Weapons,Mace,weapon_mace,,retromace,weapon_mace_retromace.png,src/assets/Items/Maces/weapon_mace_retromace.png,retromace.png,
Maces,Weapons,Mace,weapon_mace,,shoprmace,weapon_mace_shoprmace.png,src/assets/Items/Maces/weapon_mace_shoprmace.png,shoprmace.png,
Maces,Weapons,Mace,weapon_mace,,smithhammer,weapon_mace_smithhammer.png,src/assets/Items/Maces/weapon_mace_smithhammer.png,smithhammer.png,
Maces,Weapons,Mace,weapon_mace,,spikedclub,weapon_mace_spikedclub.png,src/assets/Items/Maces/weapon_mace_spikedclub.png,spikedclub.png,
Maces,Weapons,Mace,weapon_mace,,summermace,weapon_mace_summermace.png,src/assets/Items/Maces/weapon_mace_summermace.png,summermace.png,
Maces,Weapons,Mace,weapon_mace,,t12mace,weapon_mace_t12mace.png,src/assets/Items/Maces/weapon_mace_t12mace.png,t12mace.png,
Maces,Weapons,Mace,weapon_mace,,t13mace,weapon_mace_t13mace.png,src/assets/Items/Maces/weapon_mace_t13mace.png,t13mace.png,
Maces,Weapons,Mace,weapon_mace,,t14mace,weapon_mace_t14mace.png,src/assets/Items/Maces/weapon_mace_t14mace.png,t14mace.png,
Maces,Weapons,Mace,weapon_mace,,t15mace,weapon_mace_t15mace.png,src/assets/Items/Maces/weapon_mace_t15mace.png,t15mace.png,
Maces,Weapons,Mace,weapon_mace,,t16mace,weapon_mace_t16mace.png,src/assets/Items/Maces/weapon_mace_t16mace.png,t16mace.png,
Maces,Weapons,Mace,weapon_mace,,tamasmace,weapon_mace_tamasmace.png,src/assets/Items/Maces/weapon_mace_tamasmace.png,tamasmace.png,
Maces,Weapons,Mace,weapon_mace,,tenderizer,weapon_mace_tenderizer.png,src/assets/Items/Maces/weapon_mace_tenderizer.png,tenderizer.png,
Maces,Weapons,Mace,weapon_mace,,troblinmace,weapon_mace_troblinmace.png,src/assets/Items/Maces/weapon_mace_troblinmace.png,troblinmace.png,
Maces,Weapons,Mace,weapon_mace,,valentinemace,weapon_mace_valentinemace.png,src/assets/Items/Maces/weapon_mace_valentinemace.png,valentinemace.png,
Magician Hats,Armor,Magician Hat,armor_magician_hat,,astralhat,armor_magician_hat_astralhat.png,src/assets/Items/Magician Hats/armor_magician_hat_astralhat.png,astralhat.png,
Magician Hats,Armor,Magician Hat,armor_magician_hat,,bathat,armor_magician_hat_bathat.png,src/assets/Items/Magician Hats/armor_magician_hat_bathat.png,bathat.png,
Magician Hats,Armor,Magician Hat,armor_magician_hat,,beachmagehat,armor_magician_hat_beachmagehat.png,src/assets/Items/Magician Hats/armor_magician_hat_beachmagehat.png,beachmagehat.png,
Magician Hats,Armor,Magician Hat,armor_magician_hat,,blackcowl,armor_magician_hat_blackcowl.png,src/assets/Items/Magician Hats/armor_magician_hat_blackcowl.png,blackcowl.png,
Magician Hats,Armor,Magician Hat,armor_magician_hat,,blossommagehat,armor_magician_hat_blossommagehat.png,src/assets/Items/Magician Hats/armor_magician_hat_blossommagehat.png,blossommagehat.png,
Magician Hats,Armor,Magician Hat,armor_magician_hat,,bunnyhat,armor_magician_hat_bunnyhat.png,src/assets/Items/Magician Hats/armor_magician_hat_bunnyhat.png,bunnyhat.png,
Magician Hats,Armor,Magician Hat,armor_magician_hat,,chessmagehat,armor_magician_hat_chessmagehat.png,src/assets/Items/Magician Hats/armor_magician_hat_chessmagehat.png,chessmagehat.png,
Magician Hats,Armor,Magician Hat,armor_magician_hat,,circlet,armor_magician_hat_circlet.png,src/assets/Items/Magician Hats/armor_magician_hat_circlet.png,circlet.png,
Magician Hats,Armor,Magician Hat,armor_magician_hat,,djinnhat,armor_magician_hat_djinnhat.png,src/assets/Items/Magician Hats/armor_magician_hat_djinnhat.png,djinnhat.png,
Magician Hats,Armor,Magician Hat,armor_magician_hat,,firecrown,armor_magician_hat_firecrown.png,src/assets/Items/Magician Hats/armor_magician_hat_firecrown.png,firecrown.png,
Magician Hats,Armor,Magician Hat,armor_magician_hat,,fireicemagehat,armor_magician_hat_fireicemagehat.png,src/assets/Items/Magician Hats/armor_magician_hat_fireicemagehat.png,fireicemagehat.png,
Magician Hats,Armor,Magician Hat,armor_magician_hat,,frogmagehat,armor_magician_hat_frogmagehat.png,src/assets/Items/Magician Hats/armor_magician_hat_frogmagehat.png,frogmagehat.png,
Magician Hats,Armor,Magician Hat,armor_magician_hat,,gatormaidmagehat,armor_magician_hat_gatormaidmagehat.png,src/assets/Items/Magician Hats/armor_magician_hat_gatormaidmagehat.png,gatormaidmagehat.png,
Magician Hats,Armor,Magician Hat,armor_magician_hat,,goldhat,armor_magician_hat_goldhat.png,src/assets/Items/Magician Hats/armor_magician_hat_goldhat.png,goldhat.png,
Magician Hats,Armor,Magician Hat,armor_magician_hat,,goldhat2,armor_magician_hat_goldhat2.png,src/assets/Items/Magician Hats/armor_magician_hat_goldhat2.png,goldhat2.png,
Magician Hats,Armor,Magician Hat,armor_magician_hat,,gothitamagehat,armor_magician_hat_gothitamagehat.png,src/assets/Items/Magician Hats/armor_magician_hat_gothitamagehat.png,gothitamagehat.png,
Magician Hats,Armor,Magician Hat,armor_magician_hat,,laurels,armor_magician_hat_laurels.png,src/assets/Items/Magician Hats/armor_magician_hat_laurels.png,laurels.png,
Magician Hats,Armor,Magician Hat,armor_magician_hat,,leathercone,armor_magician_hat_leathercone.png,src/assets/Items/Magician Hats/armor_magician_hat_leathercone.png,leathercone.png,
Magician Hats,Armor,Magician Hat,armor_magician_hat,,liluhat,armor_magician_hat_liluhat.png,src/assets/Items/Magician Hats/armor_magician_hat_liluhat.png,liluhat.png,
Magician Hats,Armor,Magician Hat,armor_magician_hat,,lilumagehat,armor_magician_hat_lilumagehat.png,src/assets/Items/Magician Hats/armor_magician_hat_lilumagehat.png,lilumagehat.png,
Magician Hats,Armor,Magician Hat,armor_magician_hat,,lunarmagehat,armor_magician_hat_lunarmagehat.png,src/assets/Items/Magician Hats/armor_magician_hat_lunarmagehat.png,lunarmagehat.png,
Magician Hats,Armor,Magician Hat,armor_magician_hat,,lunarmagehat2,armor_magician_hat_lunarmagehat2.png,src/assets/Items/Magician Hats/armor_magician_hat_lunarmagehat2.png,lunarmagehat2.png,
Magician Hats,Armor,Magician Hat,armor_magician_hat,,magicmagehat,armor_magician_hat_magicmagehat.png,src/assets/Items/Magician Hats/armor_magician_hat_magicmagehat.png,magicmagehat.png,
Magician Hats,Armor,Magician Hat,armor_magician_hat,,midnighthat,armor_magician_hat_midnighthat.png,src/assets/Items/Magician Hats/armor_magician_hat_midnighthat.png,midnighthat.png,
Magician Hats,Armor,Magician Hat,armor_magician_hat,,phoenixmagehat,armor_magician_hat_phoenixmagehat.png,src/assets/Items/Magician Hats/armor_magician_hat_phoenixmagehat.png,phoenixmagehat.png,
Magician Hats,Armor,Magician Hat,armor_magician_hat,,plaguemask,armor_magician_hat_plaguemask.png,src/assets/Items/Magician Hats/armor_magician_hat_plaguemask.png,plaguemask.png,
Magician Hats,Armor,Magician Hat,armor_magician_hat,,platinummagehat,armor_magician_hat_platinummagehat.png,src/assets/Items/Magician Hats/armor_magician_hat_platinummagehat.png,platinummagehat.png,
Magician Hats,Armor,Magician Hat,armor_magician_hat,,pumpkinmagehat,armor_magician_hat_pumpkinmagehat.png,src/assets/Items/Magician Hats/armor_magician_hat_pumpkinmagehat.png,pumpkinmagehat.png,
Magician Hats,Armor,Magician Hat,armor_magician_hat,,retromagehat,armor_magician_hat_retromagehat.png,src/assets/Items/Magician Hats/armor_magician_hat_retromagehat.png,retromagehat.png,
Magician Hats,Armor,Magician Hat,armor_magician_hat,,riftmagehat,armor_magician_hat_riftmagehat.png,src/assets/Items/Magician Hats/armor_magician_hat_riftmagehat.png,riftmagehat.png,
Magician Hats,Armor,Magician Hat,armor_magician_hat,,schoolhat2020,armor_magician_hat_schoolhat2020.png,src/assets/Items/Magician Hats/armor_magician_hat_schoolhat2020.png,schoolhat2020.png,
Magician Hats,Armor,Magician Hat,armor_magician_hat,,shamanhat,armor_magician_hat_shamanhat.png,src/assets/Items/Magician Hats/armor_magician_hat_shamanhat.png,shamanhat.png,
Magician Hats,Armor,Magician Hat,armor_magician_hat,,snowmagehat,armor_magician_hat_snowmagehat.png,src/assets/Items/Magician Hats/armor_magician_hat_snowmagehat.png,snowmagehat.png,
Magician Hats,Armor,Magician Hat,armor_magician_hat,,startertiara,armor_magician_hat_startertiara.png,src/assets/Items/Magician Hats/armor_magician_hat_startertiara.png,startertiara.png,
Magician Hats,Armor,Magician Hat,armor_magician_hat,,summerbodmagehat,armor_magician_hat_summerbodmagehat.png,src/assets/Items/Magician Hats/armor_magician_hat_summerbodmagehat.png,summerbodmagehat.png,
Magician Hats,Armor,Magician Hat,armor_magician_hat,,summonerhat,armor_magician_hat_summonerhat.png,src/assets/Items/Magician Hats/armor_magician_hat_summonerhat.png,summonerhat.png,
Magician Hats,Armor,Magician Hat,armor_magician_hat,,swamphat,armor_magician_hat_swamphat.png,src/assets/Items/Magician Hats/armor_magician_hat_swamphat.png,swamphat.png,
Magician Hats,Armor,Magician Hat,armor_magician_hat,,t12magehat,armor_magician_hat_t12magehat.png,src/assets/Items/Magician Hats/armor_magician_hat_t12magehat.png,t12magehat.png,
Magician Hats,Armor,Magician Hat,armor_magician_hat,,t13magehat,armor_magician_hat_t13magehat.png,src/assets/Items/Magician Hats/armor_magician_hat_t13magehat.png,t13magehat.png,
Magician Hats,Armor,Magician Hat,armor_magician_hat,,t14magehat,armor_magician_hat_t14magehat.png,src/assets/Items/Magician Hats/armor_magician_hat_t14magehat.png,t14magehat.png,
Magician Hats,Armor,Magician Hat,armor_magician_hat,,t15magehat,armor_magician_hat_t15magehat.png,src/assets/Items/Magician Hats/armor_magician_hat_t15magehat.png,t15magehat.png,
Magician Hats,Armor,Magician Hat,armor_magician_hat,,t16magehat,armor_magician_hat_t16magehat.png,src/assets/Items/Magician Hats/armor_magician_hat_t16magehat.png,t16magehat.png,
Magician Hats,Armor,Magician Hat,armor_magician_hat,,tiara,armor_magician_hat_tiara.png,src/assets/Items/Magician Hats/armor_magician_hat_tiara.png,tiara.png,
Magician Hats,Armor,Magician Hat,armor_magician_hat,,victorianmagehat,armor_magician_hat_victorianmagehat.png,src/assets/Items/Magician Hats/armor_magician_hat_victorianmagehat.png,victorianmagehat.png,
Magician Hats,Armor,Magician Hat,armor_magician_hat,,volcanomagehat,armor_magician_hat_volcanomagehat.png,src/assets/Items/Magician Hats/armor_magician_hat_volcanomagehat.png,volcanomagehat.png,
Magician Hats,Armor,Magician Hat,armor_magician_hat,,witchhat,armor_magician_hat_witchhat.png,src/assets/Items/Magician Hats/armor_magician_hat_witchhat.png,witchhat.png,
Magician Hats,Armor,Magician Hat,armor_magician_hat,,wizardcone,armor_magician_hat_wizardcone.png,src/assets/Items/Magician Hats/armor_magician_hat_wizardcone.png,wizardcone.png,
Meals,Accessories,Meal,accessory_meal,,ahipoke,accessory_meal_ahipoke.png,src/assets/Items/Meals/accessory_meal_ahipoke.png,ahipoke.png,
Meals,Accessories,Meal,accessory_meal,,arabianmeal,accessory_meal_arabianmeal.png,src/assets/Items/Meals/accessory_meal_arabianmeal.png,arabianmeal.png,
Meals,Accessories,Meal,accessory_meal,,arcademeal,accessory_meal_arcademeal.png,src/assets/Items/Meals/accessory_meal_arcademeal.png,arcademeal.png,
Meals,Accessories,Meal,accessory_meal,,baconeggs,accessory_meal_baconeggs.png,src/assets/Items/Meals/accessory_meal_baconeggs.png,baconeggs.png,
Meals,Accessories,Meal,accessory_meal,,baobun,accessory_meal_baobun.png,src/assets/Items/Meals/accessory_meal_baobun.png,baobun.png,
Meals,Accessories,Meal,accessory_meal,,bento,accessory_meal_bento.png,src/assets/Items/Meals/accessory_meal_bento.png,bento.png,
Meals,Accessories,Meal,accessory_meal,,burger,accessory_meal_burger.png,src/assets/Items/Meals/accessory_meal_burger.png,burger.png,
Meals,Accessories,Meal,accessory_meal,,coconutcurry,accessory_meal_coconutcurry.png,src/assets/Items/Meals/accessory_meal_coconutcurry.png,coconutcurry.png,
Meals,Accessories,Meal,accessory_meal,,cookingmeal,accessory_meal_cookingmeal.png,src/assets/Items/Meals/accessory_meal_cookingmeal.png,cookingmeal.png,
Meals,Accessories,Meal,accessory_meal,,cozymeal,accessory_meal_cozymeal.png,src/assets/Items/Meals/accessory_meal_cozymeal.png,cozymeal.png,
Meals,Accessories,Meal,accessory_meal,,cybermeal,accessory_meal_cybermeal.png,src/assets/Items/Meals/accessory_meal_cybermeal.png,cybermeal.png,
Meals,Accessories,Meal,accessory_meal,,darkmeal,accessory_meal_darkmeal.png,src/assets/Items/Meals/accessory_meal_darkmeal.png,darkmeal.png,
Meals,Accessories,Meal,accessory_meal,,dragonmeal,accessory_meal_dragonmeal.png,src/assets/Items/Meals/accessory_meal_dragonmeal.png,dragonmeal.png,
Meals,Accessories,Meal,accessory_meal,,fallmeal,accessory_meal_fallmeal.png,src/assets/Items/Meals/accessory_meal_fallmeal.png,fallmeal.png,
Meals,Accessories,Meal,accessory_meal,,firecrabmeal,accessory_meal_firecrabmeal.png,src/assets/Items/Meals/accessory_meal_firecrabmeal.png,firecrabmeal.png,
Meals,Accessories,Meal,accessory_meal,,firecrabmeal2,accessory_meal_firecrabmeal2.png,src/assets/Items/Meals/accessory_meal_firecrabmeal2.png,firecrabmeal2.png,
Meals,Accessories,Meal,accessory_meal,,fireicemeal,accessory_meal_fireicemeal.png,src/assets/Items/Meals/accessory_meal_fireicemeal.png,fireicemeal.png,
Meals,Accessories,Meal,accessory_meal,,goldmeal,accessory_meal_goldmeal.png,src/assets/Items/Meals/accessory_meal_goldmeal.png,goldmeal.png,
Meals,Accessories,Meal,accessory_meal,,greekmeal,accessory_meal_greekmeal.png,src/assets/Items/Meals/accessory_meal_greekmeal.png,greekmeal.png,
Meals,Accessories,Meal,accessory_meal,,halloweenmeal,accessory_meal_halloweenmeal.png,src/assets/Items/Meals/accessory_meal_halloweenmeal.png,halloweenmeal.png,
Meals,Accessories,Meal,accessory_meal,,kebabs,accessory_meal_kebabs.png,src/assets/Items/Meals/accessory_meal_kebabs.png,kebabs.png,
Meals,Accessories,Meal,accessory_meal,,kingmeal,accessory_meal_kingmeal.png,src/assets/Items/Meals/accessory_meal_kingmeal.png,kingmeal.png,
Meals,Accessories,Meal,accessory_meal,,lucky7meal,accessory_meal_lucky7meal.png,src/assets/Items/Meals/accessory_meal_lucky7meal.png,lucky7meal.png,
Meals,Accessories,Meal,accessory_meal,,lunarmeal,accessory_meal_lunarmeal.png,src/assets/Items/Meals/accessory_meal_lunarmeal.png,lunarmeal.png,
Meals,Accessories,Meal,accessory_meal,,maplemeal,accessory_meal_maplemeal.png,src/assets/Items/Meals/accessory_meal_maplemeal.png,maplemeal.png,
Meals,Accessories,Meal,accessory_meal,,newyearmeal,accessory_meal_newyearmeal.png,src/assets/Items/Meals/accessory_meal_newyearmeal.png,newyearmeal.png,
Meals,Accessories,Meal,accessory_meal,,patechinois,accessory_meal_patechinois.png,src/assets/Items/Meals/accessory_meal_patechinois.png,patechinois.png,
Meals,Accessories,Meal,accessory_meal,,pizza,accessory_meal_pizza.png,src/assets/Items/Meals/accessory_meal_pizza.png,pizza.png,
Meals,Accessories,Meal,accessory_meal,,platinummeal,accessory_meal_platinummeal.png,src/assets/Items/Meals/accessory_meal_platinummeal.png,platinummeal.png,
Meals,Accessories,Meal,accessory_meal,,poutine,accessory_meal_poutine.png,src/assets/Items/Meals/accessory_meal_poutine.png,poutine.png,
Meals,Accessories,Meal,accessory_meal,,ramen,accessory_meal_ramen.png,src/assets/Items/Meals/accessory_meal_ramen.png,ramen.png,
Meals,Accessories,Meal,accessory_meal,,spacemeal,accessory_meal_spacemeal.png,src/assets/Items/Meals/accessory_meal_spacemeal.png,spacemeal.png,
Meals,Accessories,Meal,accessory_meal,,spacemeal2,accessory_meal_spacemeal2.png,src/assets/Items/Meals/accessory_meal_spacemeal2.png,spacemeal2.png,
Meals,Accessories,Meal,accessory_meal,,sushi,accessory_meal_sushi.png,src/assets/Items/Meals/accessory_meal_sushi.png,sushi.png,
Meals,Accessories,Meal,accessory_meal,,t12meal,accessory_meal_t12meal.png,src/assets/Items/Meals/accessory_meal_t12meal.png,t12meal.png,
Meals,Accessories,Meal,accessory_meal,,t13meal,accessory_meal_t13meal.png,src/assets/Items/Meals/accessory_meal_t13meal.png,t13meal.png,
Meals,Accessories,Meal,accessory_meal,,t14meal,accessory_meal_t14meal.png,src/assets/Items/Meals/accessory_meal_t14meal.png,t14meal.png,
Meals,Accessories,Meal,accessory_meal,,t15meal,accessory_meal_t15meal.png,src/assets/Items/Meals/accessory_meal_t15meal.png,t15meal.png,
Meals,Accessories,Meal,accessory_meal,,t16meal,accessory_meal_t16meal.png,src/assets/Items/Meals/accessory_meal_t16meal.png,t16meal.png,
Meals,Accessories,Meal,accessory_meal,,valentinemeal,accessory_meal_valentinemeal.png,src/assets/Items/Meals/accessory_meal_valentinemeal.png,valentinemeal.png,
Meals,Accessories,Meal,accessory_meal,,wonderlandmeal,accessory_meal_wonderlandmeal.png,src/assets/Items/Meals/accessory_meal_wonderlandmeal.png,wonderlandmeal.png,
Meals,Accessories,Meal,accessory_meal,,yulemeal,accessory_meal_yulemeal.png,src/assets/Items/Meals/accessory_meal_yulemeal.png,yulemeal.png,
Potions,Accessories,Potion,accessory_potion,,arcadepotion,accessory_potion_arcadepotion.png,src/assets/Items/Potions/accessory_potion_arcadepotion.png,arcadepotion.png,
Potions,Accessories,Potion,accessory_potion,,batpotion,accessory_potion_batpotion.png,src/assets/Items/Potions/accessory_potion_batpotion.png,batpotion.png,
Potions,Accessories,Potion,accessory_potion,,beachpotion,accessory_potion_beachpotion.png,src/assets/Items/Potions/accessory_potion_beachpotion.png,beachpotion.png,
Potions,Accessories,Potion,accessory_potion,,bogpotion,accessory_potion_bogpotion.png,src/assets/Items/Potions/accessory_potion_bogpotion.png,bogpotion.png,
Potions,Accessories,Potion,accessory_potion,,carpenterpotion,accessory_potion_carpenterpotion.png,src/assets/Items/Potions/accessory_potion_carpenterpotion.png,carpenterpotion.png,
Potions,Accessories,Potion,accessory_potion,,cincopotion,accessory_potion_cincopotion.png,src/assets/Items/Potions/accessory_potion_cincopotion.png,cincopotion.png,
Potions,Accessories,Potion,accessory_potion,,cincopotion2,accessory_potion_cincopotion2.png,src/assets/Items/Potions/accessory_potion_cincopotion2.png,cincopotion2.png,
Potions,Accessories,Potion,accessory_potion,,cozypotion,accessory_potion_cozypotion.png,src/assets/Items/Potions/accessory_potion_cozypotion.png,cozypotion.png,
Potions,Accessories,Potion,accessory_potion,,demigodpotion,accessory_potion_demigodpotion.png,src/assets/Items/Potions/accessory_potion_demigodpotion.png,demigodpotion.png,
Potions,Accessories,Potion,accessory_potion,,egyptpotion,accessory_potion_egyptpotion.png,src/assets/Items/Potions/accessory_potion_egyptpotion.png,egyptpotion.png,
Potions,Accessories,Potion,accessory_potion,,epicpotion,accessory_potion_epicpotion.png,src/assets/Items/Potions/accessory_potion_epicpotion.png,epicpotion.png,
Potions,Accessories,Potion,accessory_potion,,frogpotion,accessory_potion_frogpotion.png,src/assets/Items/Potions/accessory_potion_frogpotion.png,frogpotion.png,
Potions,Accessories,Potion,accessory_potion,,gaiatonic,accessory_potion_gaiatonic.png,src/assets/Items/Potions/accessory_potion_gaiatonic.png,gaiatonic.png,
Potions,Accessories,Potion,accessory_potion,,goldpotion,accessory_potion_goldpotion.png,src/assets/Items/Potions/accessory_potion_goldpotion.png,goldpotion.png,
Potions,Accessories,Potion,accessory_potion,,healthpotion,accessory_potion_healthpotion.png,src/assets/Items/Potions/accessory_potion_healthpotion.png,healthpotion.png,
Potions,Accessories,Potion,accessory_potion,,jurassicpotion,accessory_potion_jurassicpotion.png,src/assets/Items/Potions/accessory_potion_jurassicpotion.png,jurassicpotion.png,
Potions,Accessories,Potion,accessory_potion,,largehealthpotion,accessory_potion_largehealthpotion.png,src/assets/Items/Potions/accessory_potion_largehealthpotion.png,largehealthpotion.png,
Potions,Accessories,Potion,accessory_potion,,lemonpotion,accessory_potion_lemonpotion.png,src/assets/Items/Potions/accessory_potion_lemonpotion.png,lemonpotion.png,
Potions,Accessories,Potion,accessory_potion,,lunarpotion,accessory_potion_lunarpotion.png,src/assets/Items/Potions/accessory_potion_lunarpotion.png,lunarpotion.png,
Potions,Accessories,Potion,accessory_potion,,magicpotion,accessory_potion_magicpotion.png,src/assets/Items/Potions/accessory_potion_magicpotion.png,magicpotion.png,
Potions,Accessories,Potion,accessory_potion,,maplepotion,accessory_potion_maplepotion.png,src/assets/Items/Potions/accessory_potion_maplepotion.png,maplepotion.png,
Potions,Accessories,Potion,accessory_potion,,mundrapotion,accessory_potion_mundrapotion.png,src/assets/Items/Potions/accessory_potion_mundrapotion.png,mundrapotion.png,
Potions,Accessories,Potion,accessory_potion,,nayapotion,accessory_potion_nayapotion.png,src/assets/Items/Potions/accessory_potion_nayapotion.png,nayapotion.png,
Potions,Accessories,Potion,accessory_potion,,newyearpotion,accessory_potion_newyearpotion.png,src/assets/Items/Potions/accessory_potion_newyearpotion.png,newyearpotion.png,
Potions,Accessories,Potion,accessory_potion,,ninjapotion,accessory_potion_ninjapotion.png,src/assets/Items/Potions/accessory_potion_ninjapotion.png,ninjapotion.png,
Potions,Accessories,Potion,accessory_potion,,officepotion,accessory_potion_officepotion.png,src/assets/Items/Potions/accessory_potion_officepotion.png,officepotion.png,
Potions,Accessories,Potion,accessory_potion,,piratepotion,accessory_potion_piratepotion.png,src/assets/Items/Potions/accessory_potion_piratepotion.png,piratepotion.png,
Potions,Accessories,Potion,accessory_potion,,platinumpotion,accessory_potion_platinumpotion.png,src/assets/Items/Potions/accessory_potion_platinumpotion.png,platinumpotion.png,
Potions,Accessories,Potion,accessory_potion,,poloniapotion,accessory_potion_poloniapotion.png,src/assets/Items/Potions/accessory_potion_poloniapotion.png,poloniapotion.png,
Potions,Accessories,Potion,accessory_potion,,pumpkinpotion,accessory_potion_pumpkinpotion.png,src/assets/Items/Potions/accessory_potion_pumpkinpotion.png,pumpkinpotion.png,
Potions,Accessories,Potion,accessory_potion,,purplebomb,accessory_potion_purplebomb.png,src/assets/Items/Potions/accessory_potion_purplebomb.png,purplebomb.png,
Potions,Accessories,Potion,accessory_potion,,pyramidpotion,accessory_potion_pyramidpotion.png,src/assets/Items/Potions/accessory_potion_pyramidpotion.png,pyramidpotion.png,
Potions,Accessories,Potion,accessory_potion,,scienceexperiment,accessory_potion_scienceexperiment.png,src/assets/Items/Potions/accessory_potion_scienceexperiment.png,scienceexperiment.png,
Potions,Accessories,Potion,accessory_potion,,selfcarepotion,accessory_potion_selfcarepotion.png,src/assets/Items/Potions/accessory_potion_selfcarepotion.png,selfcarepotion.png,
Potions,Accessories,Potion,accessory_potion,,shoprpotion,accessory_potion_shoprpotion.png,src/assets/Items/Potions/accessory_potion_shoprpotion.png,shoprpotion.png,
Potions,Accessories,Potion,accessory_potion,,smallhealthpotion,accessory_potion_smallhealthpotion.png,src/assets/Items/Potions/accessory_potion_smallhealthpotion.png,smallhealthpotion.png,
Potions,Accessories,Potion,accessory_potion,,smallmanapotion,accessory_potion_smallmanapotion.png,src/assets/Items/Potions/accessory_potion_smallmanapotion.png,smallmanapotion.png,
Potions,Accessories,Potion,accessory_potion,,soulfireextract,accessory_potion_soulfireextract.png,src/assets/Items/Potions/accessory_potion_soulfireextract.png,soulfireextract.png,
Potions,Accessories,Potion,accessory_potion,,spellbladepotion,accessory_potion_spellbladepotion.png,src/assets/Items/Potions/accessory_potion_spellbladepotion.png,spellbladepotion.png,
Potions,Accessories,Potion,accessory_potion,,starextract,accessory_potion_starextract.png,src/assets/Items/Potions/accessory_potion_starextract.png,starextract.png,
Potions,Accessories,Potion,accessory_potion,,summerbodpotion,accessory_potion_summerbodpotion.png,src/assets/Items/Potions/accessory_potion_summerbodpotion.png,summerbodpotion.png,
Potions,Accessories,Potion,accessory_potion,,t12potion,accessory_potion_t12potion.png,src/assets/Items/Potions/accessory_potion_t12potion.png,t12potion.png,
Potions,Accessories,Potion,accessory_potion,,t13potion,accessory_potion_t13potion.png,src/assets/Items/Potions/accessory_potion_t13potion.png,t13potion.png,
Potions,Accessories,Potion,accessory_potion,,t14potion,accessory_potion_t14potion.png,src/assets/Items/Potions/accessory_potion_t14potion.png,t14potion.png,
Potions,Accessories,Potion,accessory_potion,,t15potion,accessory_potion_t15potion.png,src/assets/Items/Potions/accessory_potion_t15potion.png,t15potion.png,
Potions,Accessories,Potion,accessory_potion,,t16potion,accessory_potion_t16potion.png,src/assets/Items/Potions/accessory_potion_t16potion.png,t16potion.png,
Potions,Accessories,Potion,accessory_potion,,tea,accessory_potion_tea.png,src/assets/Items/Potions/accessory_potion_tea.png,tea.png,
Potions,Accessories,Potion,accessory_potion,,tombpotion,accessory_potion_tombpotion.png,src/assets/Items/Potions/accessory_potion_tombpotion.png,tombpotion.png,
Potions,Accessories,Potion,accessory_potion,,vialofrenewal,accessory_potion_vialofrenewal.png,src/assets/Items/Potions/accessory_potion_vialofrenewal.png,vialofrenewal.png,
Potions,Accessories,Potion,accessory_potion,,victorianpotion,accessory_potion_victorianpotion.png,src/assets/Items/Potions/accessory_potion_victorianpotion.png,victorianpotion.png,
Potions,Accessories,Potion,accessory_potion,,volcanopotion,accessory_potion_volcanopotion.png,src/assets/Items/Potions/accessory_potion_volcanopotion.png,volcanopotion.png,
Potions,Accessories,Potion,accessory_potion,,yetipotion,accessory_potion_yetipotion.png,src/assets/Items/Potions/accessory_potion_yetipotion.png,yetipotion.png,
Quivers,Accessories,Quiver,accessory_quiver,,christmasquiver,accessory_quiver_christmasquiver.png,src/assets/Items/Quivers/accessory_quiver_christmasquiver.png,christmasquiver.png,
Quivers,Accessories,Quiver,accessory_quiver,,greekquiver,accessory_quiver_greekquiver.png,src/assets/Items/Quivers/accessory_quiver_greekquiver.png,greekquiver.png,
Quivers,Accessories,Quiver,accessory_quiver,,maladyquiver,accessory_quiver_maladyquiver.png,src/assets/Items/Quivers/accessory_quiver_maladyquiver.png,maladyquiver.png,
Quivers,Accessories,Quiver,accessory_quiver,,platinumquiver,accessory_quiver_platinumquiver.png,src/assets/Items/Quivers/accessory_quiver_platinumquiver.png,platinumquiver.png,
Quivers,Accessories,Quiver,accessory_quiver,,t10quiver,accessory_quiver_t10quiver.png,src/assets/Items/Quivers/accessory_quiver_t10quiver.png,t10quiver.png,
Quivers,Accessories,Quiver,accessory_quiver,,t11quiver,accessory_quiver_t11quiver.png,src/assets/Items/Quivers/accessory_quiver_t11quiver.png,t11quiver.png,
Quivers,Accessories,Quiver,accessory_quiver,,t12quiver,accessory_quiver_t12quiver.png,src/assets/Items/Quivers/accessory_quiver_t12quiver.png,t12quiver.png,
Quivers,Accessories,Quiver,accessory_quiver,,t13quiver,accessory_quiver_t13quiver.png,src/assets/Items/Quivers/accessory_quiver_t13quiver.png,t13quiver.png,
Quivers,Accessories,Quiver,accessory_quiver,,t14quiver,accessory_quiver_t14quiver.png,src/assets/Items/Quivers/accessory_quiver_t14quiver.png,t14quiver.png,
Quivers,Accessories,Quiver,accessory_quiver,,t15quiver,accessory_quiver_t15quiver.png,src/assets/Items/Quivers/accessory_quiver_t15quiver.png,t15quiver.png,
Quivers,Accessories,Quiver,accessory_quiver,,t16quiver,accessory_quiver_t16quiver.png,src/assets/Items/Quivers/accessory_quiver_t16quiver.png,t16quiver.png,
Quivers,Accessories,Quiver,accessory_quiver,,t5quiver,accessory_quiver_t5quiver.png,src/assets/Items/Quivers/accessory_quiver_t5quiver.png,t5quiver.png,
Quivers,Accessories,Quiver,accessory_quiver,,t6quiver,accessory_quiver_t6quiver.png,src/assets/Items/Quivers/accessory_quiver_t6quiver.png,t6quiver.png,
Quivers,Accessories,Quiver,accessory_quiver,,t7quiver,accessory_quiver_t7quiver.png,src/assets/Items/Quivers/accessory_quiver_t7quiver.png,t7quiver.png,
Quivers,Accessories,Quiver,accessory_quiver,,t8quiver,accessory_quiver_t8quiver.png,src/assets/Items/Quivers/accessory_quiver_t8quiver.png,t8quiver.png,
Quivers,Accessories,Quiver,accessory_quiver,,t9quiver,accessory_quiver_t9quiver.png,src/assets/Items/Quivers/accessory_quiver_t9quiver.png,t9quiver.png,
Rings,Accessories,Ring,accessory_ring,,africanring,accessory_ring_africanring.png,src/assets/Items/Rings/accessory_ring_africanring.png,africanring.png,
Rings,Accessories,Ring,accessory_ring,,artifactmidasring,accessory_ring_artifactmidasring.png,src/assets/Items/Rings/accessory_ring_artifactmidasring.png,artifactmidasring.png,
Rings,Accessories,Ring,accessory_ring,,batrachitestone,accessory_ring_batrachitestone.png,src/assets/Items/Rings/accessory_ring_batrachitestone.png,batrachitestone.png,
Rings,Accessories,Ring,accessory_ring,,batring,accessory_ring_batring.png,src/assets/Items/Rings/accessory_ring_batring.png,batring.png,
Rings,Accessories,Ring,accessory_ring,,borealis,accessory_ring_borealis.png,src/assets/Items/Rings/accessory_ring_borealis.png,borealis.png,
Rings,Accessories,Ring,accessory_ring,,bunnyring,accessory_ring_bunnyring.png,src/assets/Items/Rings/accessory_ring_bunnyring.png,bunnyring.png,
Rings,Accessories,Ring,accessory_ring,,campingring,accessory_ring_campingring.png,src/assets/Items/Rings/accessory_ring_campingring.png,campingring.png,
Rings,Accessories,Ring,accessory_ring,,candyring,accessory_ring_candyring.png,src/assets/Items/Rings/accessory_ring_candyring.png,candyring.png,
Rings,Accessories,Ring,accessory_ring,,chosenring,accessory_ring_chosenring.png,src/assets/Items/Rings/accessory_ring_chosenring.png,chosenring.png,
Rings,Accessories,Ring,accessory_ring,,cincoring2020,accessory_ring_cincoring2020.png,src/assets/Items/Rings/accessory_ring_cincoring2020.png,cincoring2020.png,
Rings,Accessories,Ring,accessory_ring,,doublering,accessory_ring_doublering.png,src/assets/Items/Rings/accessory_ring_doublering.png,doublering.png,
Rings,Accessories,Ring,accessory_ring,,egyptring,accessory_ring_egyptring.png,src/assets/Items/Rings/accessory_ring_egyptring.png,egyptring.png,
Rings,Accessories,Ring,accessory_ring,,elysiumring,accessory_ring_elysiumring.png,src/assets/Items/Rings/accessory_ring_elysiumring.png,elysiumring.png,
Rings,Accessories,Ring,accessory_ring,,fallring,accessory_ring_fallring.png,src/assets/Items/Rings/accessory_ring_fallring.png,fallring.png,
Rings,Accessories,Ring,accessory_ring,,fatring,accessory_ring_fatring.png,src/assets/Items/Rings/accessory_ring_fatring.png,fatring.png,
Rings,Accessories,Ring,accessory_ring,,feyring,accessory_ring_feyring.png,src/assets/Items/Rings/accessory_ring_feyring.png,feyring.png,
Rings,Accessories,Ring,accessory_ring,,freedomring,accessory_ring_freedomring.png,src/assets/Items/Rings/accessory_ring_freedomring.png,freedomring.png,
Rings,Accessories,Ring,accessory_ring,,gatormaidring,accessory_ring_gatormaidring.png,src/assets/Items/Rings/accessory_ring_gatormaidring.png,gatormaidring.png,
Rings,Accessories,Ring,accessory_ring,,goldring,accessory_ring_goldring.png,src/assets/Items/Rings/accessory_ring_goldring.png,goldring.png,
Rings,Accessories,Ring,accessory_ring,,goldring2,accessory_ring_goldring2.png,src/assets/Items/Rings/accessory_ring_goldring2.png,goldring2.png,
Rings,Accessories,Ring,accessory_ring,,grottoring,accessory_ring_grottoring.png,src/assets/Items/Rings/accessory_ring_grottoring.png,grottoring.png,
Rings,Accessories,Ring,accessory_ring,,hemmadonring,accessory_ring_hemmadonring.png,src/assets/Items/Rings/accessory_ring_hemmadonring.png,hemmadonring.png,
Rings,Accessories,Ring,accessory_ring,,ironring,accessory_ring_ironring.png,src/assets/Items/Rings/accessory_ring_ironring.png,ironring.png,
Rings,Accessories,Ring,accessory_ring,,knightsignet,accessory_ring_knightsignet.png,src/assets/Items/Rings/accessory_ring_knightsignet.png,knightsignet.png,
Rings,Accessories,Ring,accessory_ring,,lucky7ring,accessory_ring_lucky7ring.png,src/assets/Items/Rings/accessory_ring_lucky7ring.png,lucky7ring.png,
Rings,Accessories,Ring,accessory_ring,,lunarring,accessory_ring_lunarring.png,src/assets/Items/Rings/accessory_ring_lunarring.png,lunarring.png,
Rings,Accessories,Ring,accessory_ring,,maladyring,accessory_ring_maladyring.png,src/assets/Items/Rings/accessory_ring_maladyring.png,maladyring.png,
Rings,Accessories,Ring,accessory_ring,,maplering,accessory_ring_maplering.png,src/assets/Items/Rings/accessory_ring_maplering.png,maplering.png,
Rings,Accessories,Ring,accessory_ring,,monkring,accessory_ring_monkring.png,src/assets/Items/Rings/accessory_ring_monkring.png,monkring.png,
Rings,Accessories,Ring,accessory_ring,,mysteriousring,accessory_ring_mysteriousring.png,src/assets/Items/Rings/accessory_ring_mysteriousring.png,mysteriousring.png,
Rings,Accessories,Ring,accessory_ring,,newyearring,accessory_ring_newyearring.png,src/assets/Items/Rings/accessory_ring_newyearring.png,newyearring.png,
Rings,Accessories,Ring,accessory_ring,,noblering,accessory_ring_noblering.png,src/assets/Items/Rings/accessory_ring_noblering.png,noblering.png,
Rings,Accessories,Ring,accessory_ring,,paintring,accessory_ring_paintring.png,src/assets/Items/Rings/accessory_ring_paintring.png,paintring.png,
Rings,Accessories,Ring,accessory_ring,,platinumring,accessory_ring_platinumring.png,src/assets/Items/Rings/accessory_ring_platinumring.png,platinumring.png,
Rings,Accessories,Ring,accessory_ring,,porcelainring,accessory_ring_porcelainring.png,src/assets/Items/Rings/accessory_ring_porcelainring.png,porcelainring.png,
Rings,Accessories,Ring,accessory_ring,,pyramidring,accessory_ring_pyramidring.png,src/assets/Items/Rings/accessory_ring_pyramidring.png,pyramidring.png,
Rings,Accessories,Ring,accessory_ring,,rosering,accessory_ring_rosering.png,src/assets/Items/Rings/accessory_ring_rosering.png,rosering.png,
Rings,Accessories,Ring,accessory_ring,,schoolring2020,accessory_ring_schoolring2020.png,src/assets/Items/Rings/accessory_ring_schoolring2020.png,schoolring2020.png,
Rings,Accessories,Ring,accessory_ring,,silverband,accessory_ring_silverband.png,src/assets/Items/Rings/accessory_ring_silverband.png,silverband.png,
Rings,Accessories,Ring,accessory_ring,,springflower,accessory_ring_springflower.png,src/assets/Items/Rings/accessory_ring_springflower.png,springflower.png,
Rings,Accessories,Ring,accessory_ring,,sulfuritecoil,accessory_ring_sulfuritecoil.png,src/assets/Items/Rings/accessory_ring_sulfuritecoil.png,sulfuritecoil.png,
Rings,Accessories,Ring,accessory_ring,,superring,accessory_ring_superring.png,src/assets/Items/Rings/accessory_ring_superring.png,superring.png,
Rings,Accessories,Ring,accessory_ring,,t12ring,accessory_ring_t12ring.png,src/assets/Items/Rings/accessory_ring_t12ring.png,t12ring.png,
Rings,Accessories,Ring,accessory_ring,,t13ring,accessory_ring_t13ring.png,src/assets/Items/Rings/accessory_ring_t13ring.png,t13ring.png,
Rings,Accessories,Ring,accessory_ring,,t14ring,accessory_ring_t14ring.png,src/assets/Items/Rings/accessory_ring_t14ring.png,t14ring.png,
Rings,Accessories,Ring,accessory_ring,,t15ring,accessory_ring_t15ring.png,src/assets/Items/Rings/accessory_ring_t15ring.png,t15ring.png,
Rings,Accessories,Ring,accessory_ring,,t16ring,accessory_ring_t16ring.png,src/assets/Items/Rings/accessory_ring_t16ring.png,t16ring.png,
Rings,Accessories,Ring,accessory_ring,,templering,accessory_ring_templering.png,src/assets/Items/Rings/accessory_ring_templering.png,templering.png,
Rings,Accessories,Ring,accessory_ring,,unicornring,accessory_ring_unicornring.png,src/assets/Items/Rings/accessory_ring_unicornring.png,unicornring.png,
Rings,Accessories,Ring,accessory_ring,,valentinering,accessory_ring_valentinering.png,src/assets/Items/Rings/accessory_ring_valentinering.png,valentinering.png,
Rings,Accessories,Ring,accessory_ring,,winterring,accessory_ring_winterring.png,src/assets/Items/Rings/accessory_ring_winterring.png,winterring.png,
Rogue Hats,Armor,Rogue Hat,armor_rogue_hat,,airshiproguehat,armor_rogue_hat_airshiproguehat.png,src/assets/Items/Rogue Hats/armor_rogue_hat_airshiproguehat.png,airshiproguehat.png,
Rogue Hats,Armor,Rogue Hat,armor_rogue_hat,,anubisroguehat,armor_rogue_hat_anubisroguehat.png,src/assets/Items/Rogue Hats/armor_rogue_hat_anubisroguehat.png,anubisroguehat.png,
Rogue Hats,Armor,Rogue Hat,armor_rogue_hat,,arabianroguehat,armor_rogue_hat_arabianroguehat.png,src/assets/Items/Rogue Hats/armor_rogue_hat_arabianroguehat.png,arabianroguehat.png,
Rogue Hats,Armor,Rogue Hat,armor_rogue_hat,,artifactroguehat,armor_rogue_hat_artifactroguehat.png,src/assets/Items/Rogue Hats/armor_rogue_hat_artifactroguehat.png,artifactroguehat.png,
Rogue Hats,Armor,Rogue Hat,armor_rogue_hat,,boarroguehat,armor_rogue_hat_boarroguehat.png,src/assets/Items/Rogue Hats/armor_rogue_hat_boarroguehat.png,boarroguehat.png,
Rogue Hats,Armor,Rogue Hat,armor_rogue_hat,,captainhat,armor_rogue_hat_captainhat.png,src/assets/Items/Rogue Hats/armor_rogue_hat_captainhat.png,captainhat.png,
Rogue Hats,Armor,Rogue Hat,armor_rogue_hat,,cardboardroguehat,armor_rogue_hat_cardboardroguehat.png,src/assets/Items/Rogue Hats/armor_rogue_hat_cardboardroguehat.png,cardboardroguehat.png,
Rogue Hats,Armor,Rogue Hat,armor_rogue_hat,,castleroguehat,armor_rogue_hat_castleroguehat.png,src/assets/Items/Rogue Hats/armor_rogue_hat_castleroguehat.png,castleroguehat.png,
Rogue Hats,Armor,Rogue Hat,armor_rogue_hat,,catroguehat,armor_rogue_hat_catroguehat.png,src/assets/Items/Rogue Hats/armor_rogue_hat_catroguehat.png,catroguehat.png,
Rogue Hats,Armor,Rogue Hat,armor_rogue_hat,,christmasroguehat,armor_rogue_hat_christmasroguehat.png,src/assets/Items/Rogue Hats/armor_rogue_hat_christmasroguehat.png,christmasroguehat.png,
Rogue Hats,Armor,Rogue Hat,armor_rogue_hat,,cincoroguehat,armor_rogue_hat_cincoroguehat.png,src/assets/Items/Rogue Hats/armor_rogue_hat_cincoroguehat.png,cincoroguehat.png,
Rogue Hats,Armor,Rogue Hat,armor_rogue_hat,,cyberroguehat,armor_rogue_hat_cyberroguehat.png,src/assets/Items/Rogue Hats/armor_rogue_hat_cyberroguehat.png,cyberroguehat.png,
Rogue Hats,Armor,Rogue Hat,armor_rogue_hat,,dieselpunkroguehat,armor_rogue_hat_dieselpunkroguehat.png,src/assets/Items/Rogue Hats/armor_rogue_hat_dieselpunkroguehat.png,dieselpunkroguehat.png,
Rogue Hats,Armor,Rogue Hat,armor_rogue_hat,,dragonhat,armor_rogue_hat_dragonhat.png,src/assets/Items/Rogue Hats/armor_rogue_hat_dragonhat.png,dragonhat.png,
Rogue Hats,Armor,Rogue Hat,armor_rogue_hat,,easterroguehat,armor_rogue_hat_easterroguehat.png,src/assets/Items/Rogue Hats/armor_rogue_hat_easterroguehat.png,easterroguehat.png,
Rogue Hats,Armor,Rogue Hat,armor_rogue_hat,,elysiumroguehat,armor_rogue_hat_elysiumroguehat.png,src/assets/Items/Rogue Hats/armor_rogue_hat_elysiumroguehat.png,elysiumroguehat.png,
Rogue Hats,Armor,Rogue Hat,armor_rogue_hat,,fallroguehat,armor_rogue_hat_fallroguehat.png,src/assets/Items/Rogue Hats/armor_rogue_hat_fallroguehat.png,fallroguehat.png,
Rogue Hats,Armor,Rogue Hat,armor_rogue_hat,,farmerhood,armor_rogue_hat_farmerhood.png,src/assets/Items/Rogue Hats/armor_rogue_hat_farmerhood.png,farmerhood.png,
Rogue Hats,Armor,Rogue Hat,armor_rogue_hat,,featheredhat,armor_rogue_hat_featheredhat.png,src/assets/Items/Rogue Hats/armor_rogue_hat_featheredhat.png,featheredhat.png,
Rogue Hats,Armor,Rogue Hat,armor_rogue_hat,,forestroguehat,armor_rogue_hat_forestroguehat.png,src/assets/Items/Rogue Hats/armor_rogue_hat_forestroguehat.png,forestroguehat.png,
Rogue Hats,Armor,Rogue Hat,armor_rogue_hat,,goldroguehat,armor_rogue_hat_goldroguehat.png,src/assets/Items/Rogue Hats/armor_rogue_hat_goldroguehat.png,goldroguehat.png,
Rogue Hats,Armor,Rogue Hat,armor_rogue_hat,,greekroguehat,armor_rogue_hat_greekroguehat.png,src/assets/Items/Rogue Hats/armor_rogue_hat_greekroguehat.png,greekroguehat.png,
Rogue Hats,Armor,Rogue Hat,armor_rogue_hat,,halloweenroguehat,armor_rogue_hat_halloweenroguehat.png,src/assets/Items/Rogue Hats/armor_rogue_hat_halloweenroguehat.png,halloweenroguehat.png,
Rogue Hats,Armor,Rogue Hat,armor_rogue_hat,,hat,armor_rogue_hat_hat.png,src/assets/Items/Rogue Hats/armor_rogue_hat_hat.png,hat.png,
Rogue Hats,Armor,Rogue Hat,armor_rogue_hat,,hood,armor_rogue_hat_hood.png,src/assets/Items/Rogue Hats/armor_rogue_hat_hood.png,hood.png,
Rogue Hats,Armor,Rogue Hat,armor_rogue_hat,,indiadayhat,armor_rogue_hat_indiadayhat.png,src/assets/Items/Rogue Hats/armor_rogue_hat_indiadayhat.png,indiadayhat.png,
Rogue Hats,Armor,Rogue Hat,armor_rogue_hat,,inuitroguehat,armor_rogue_hat_inuitroguehat.png,src/assets/Items/Rogue Hats/armor_rogue_hat_inuitroguehat.png,inuitroguehat.png,
Rogue Hats,Armor,Rogue Hat,armor_rogue_hat,,jackalopehat,armor_rogue_hat_jackalopehat.png,src/assets/Items/Rogue Hats/armor_rogue_hat_jackalopehat.png,jackalopehat.png,
Rogue Hats,Armor,Rogue Hat,armor_rogue_hat,,jesterroguehat,armor_rogue_hat_jesterroguehat.png,src/assets/Items/Rogue Hats/armor_rogue_hat_jesterroguehat.png,jesterroguehat.png,
Rogue Hats,Armor,Rogue Hat,armor_rogue_hat,,jurassicroguehat,armor_rogue_hat_jurassicroguehat.png,src/assets/Items/Rogue Hats/armor_rogue_hat_jurassicroguehat.png,jurassicroguehat.png,
Rogue Hats,Armor,Rogue Hat,armor_rogue_hat,,leathercap,armor_rogue_hat_leathercap.png,src/assets/Items/Rogue Hats/armor_rogue_hat_leathercap.png,leathercap.png,
Rogue Hats,Armor,Rogue Hat,armor_rogue_hat,,lunarroguehat,armor_rogue_hat_lunarroguehat.png,src/assets/Items/Rogue Hats/armor_rogue_hat_lunarroguehat.png,lunarroguehat.png,
Rogue Hats,Armor,Rogue Hat,armor_rogue_hat,,musketeerroguehat,armor_rogue_hat_musketeerroguehat.png,src/assets/Items/Rogue Hats/armor_rogue_hat_musketeerroguehat.png,musketeerroguehat.png,
Rogue Hats,Armor,Rogue Hat,armor_rogue_hat,,nightcowl,armor_rogue_hat_nightcowl.png,src/assets/Items/Rogue Hats/armor_rogue_hat_nightcowl.png,nightcowl.png,
Rogue Hats,Armor,Rogue Hat,armor_rogue_hat,,oktoberhat,armor_rogue_hat_oktoberhat.png,src/assets/Items/Rogue Hats/armor_rogue_hat_oktoberhat.png,oktoberhat.png,
Rogue Hats,Armor,Rogue Hat,armor_rogue_hat,,peakroguehat,armor_rogue_hat_peakroguehat.png,src/assets/Items/Rogue Hats/armor_rogue_hat_peakroguehat.png,peakroguehat.png,
Rogue Hats,Armor,Rogue Hat,armor_rogue_hat,,piratehat,armor_rogue_hat_piratehat.png,src/assets/Items/Rogue Hats/armor_rogue_hat_piratehat.png,piratehat.png,
Rogue Hats,Armor,Rogue Hat,armor_rogue_hat,,platinumroguehat,armor_rogue_hat_platinumroguehat.png,src/assets/Items/Rogue Hats/armor_rogue_hat_platinumroguehat.png,platinumroguehat.png,
Rogue Hats,Armor,Rogue Hat,armor_rogue_hat,,porcelainmask,armor_rogue_hat_porcelainmask.png,src/assets/Items/Rogue Hats/armor_rogue_hat_porcelainmask.png,porcelainmask.png,
Rogue Hats,Armor,Rogue Hat,armor_rogue_hat,,pyramidroguehat,armor_rogue_hat_pyramidroguehat.png,src/assets/Items/Rogue Hats/armor_rogue_hat_pyramidroguehat.png,pyramidroguehat.png,
Rogue Hats,Armor,Rogue Hat,armor_rogue_hat,,shoprroguehat,armor_rogue_hat_shoprroguehat.png,src/assets/Items/Rogue Hats/armor_rogue_hat_shoprroguehat.png,shoprroguehat.png,
Rogue Hats,Armor,Rogue Hat,armor_rogue_hat,,t12roguehat,armor_rogue_hat_t12roguehat.png,src/assets/Items/Rogue Hats/armor_rogue_hat_t12roguehat.png,t12roguehat.png,
Rogue Hats,Armor,Rogue Hat,armor_rogue_hat,,t13roguehat,armor_rogue_hat_t13roguehat.png,src/assets/Items/Rogue Hats/armor_rogue_hat_t13roguehat.png,t13roguehat.png,
Rogue Hats,Armor,Rogue Hat,armor_rogue_hat,,t14roguehat,armor_rogue_hat_t14roguehat.png,src/assets/Items/Rogue Hats/armor_rogue_hat_t14roguehat.png,t14roguehat.png,
Rogue Hats,Armor,Rogue Hat,armor_rogue_hat,,t15roguehat,armor_rogue_hat_t15roguehat.png,src/assets/Items/Rogue Hats/armor_rogue_hat_t15roguehat.png,t15roguehat.png,
Rogue Hats,Armor,Rogue Hat,armor_rogue_hat,,t16roguehat,armor_rogue_hat_t16roguehat.png,src/assets/Items/Rogue Hats/armor_rogue_hat_t16roguehat.png,t16roguehat.png,
Rogue Hats,Armor,Rogue Hat,armor_rogue_hat,,tricorn,armor_rogue_hat_tricorn.png,src/assets/Items/Rogue Hats/armor_rogue_hat_tricorn.png,tricorn.png,
Rogue Hats,Armor,Rogue Hat,armor_rogue_hat,,valentinehat,armor_rogue_hat_valentinehat.png,src/assets/Items/Rogue Hats/armor_rogue_hat_valentinehat.png,valentinehat.png,
Rogue Hats,Armor,Rogue Hat,armor_rogue_hat,,varsityroguehat,armor_rogue_hat_varsityroguehat.png,src/assets/Items/Rogue Hats/armor_rogue_hat_varsityroguehat.png,varsityroguehat.png,
Rogue Hats,Armor,Rogue Hat,armor_rogue_hat,,windrunnerhat,armor_rogue_hat_windrunnerhat.png,src/assets/Items/Rogue Hats/armor_rogue_hat_windrunnerhat.png,windrunnerhat.png,
Shields,Accessories,Shield,accessory_shield,,aegirshield,accessory_shield_aegirshield.png,src/assets/Items/Shields/accessory_shield_aegirshield.png,aegirshield.png,
Shields,Accessories,Shield,accessory_shield,,africanshield,accessory_shield_africanshield.png,src/assets/Items/Shields/accessory_shield_africanshield.png,africanshield.png,
Shields,Accessories,Shield,accessory_shield,,ancestortotem,accessory_shield_ancestortotem.png,src/assets/Items/Shields/accessory_shield_ancestortotem.png,ancestortotem.png,
Shields,Accessories,Shield,accessory_shield,,arcadeshield,accessory_shield_arcadeshield.png,src/assets/Items/Shields/accessory_shield_arcadeshield.png,arcadeshield.png,
Shields,Accessories,Shield,accessory_shield,,argonshield,accessory_shield_argonshield.png,src/assets/Items/Shields/accessory_shield_argonshield.png,argonshield.png,
Shields,Accessories,Shield,accessory_shield,,beachshield,accessory_shield_beachshield.png,src/assets/Items/Shields/accessory_shield_beachshield.png,beachshield.png,
Shields,Accessories,Shield,accessory_shield,,beeshield,accessory_shield_beeshield.png,src/assets/Items/Shields/accessory_shield_beeshield.png,beeshield.png,
Shields,Accessories,Shield,accessory_shield,,boarshield,accessory_shield_boarshield.png,src/assets/Items/Shields/accessory_shield_boarshield.png,boarshield.png,
Shields,Accessories,Shield,accessory_shield,,buckler,accessory_shield_buckler.png,src/assets/Items/Shields/accessory_shield_buckler.png,buckler.png,
Shields,Accessories,Shield,accessory_shield,,cardboardshield,accessory_shield_cardboardshield.png,src/assets/Items/Shields/accessory_shield_cardboardshield.png,cardboardshield.png,
Shields,Accessories,Shield,accessory_shield,,cardshield,accessory_shield_cardshield.png,src/assets/Items/Shields/accessory_shield_cardshield.png,cardshield.png,
Shields,Accessories,Shield,accessory_shield,,castleshield,accessory_shield_castleshield.png,src/assets/Items/Shields/accessory_shield_castleshield.png,castleshield.png,
Shields,Accessories,Shield,accessory_shield,,darkshield,accessory_shield_darkshield.png,src/assets/Items/Shields/accessory_shield_darkshield.png,darkshield.png,
Shields,Accessories,Shield,accessory_shield,,demonshield,accessory_shield_demonshield.png,src/assets/Items/Shields/accessory_shield_demonshield.png,demonshield.png,
Shields,Accessories,Shield,accessory_shield,,dinoshield,accessory_shield_dinoshield.png,src/assets/Items/Shields/accessory_shield_dinoshield.png,dinoshield.png,
Shields,Accessories,Shield,accessory_shield,,dragonshield,accessory_shield_dragonshield.png,src/assets/Items/Shields/accessory_shield_dragonshield.png,dragonshield.png,
Shields,Accessories,Shield,accessory_shield,,eastershield2020,accessory_shield_eastershield2020.png,src/assets/Items/Shields/accessory_shield_eastershield2020.png,eastershield2020.png,
Shields,Accessories,Shield,accessory_shield,,elysiumshield,accessory_shield_elysiumshield.png,src/assets/Items/Shields/accessory_shield_elysiumshield.png,elysiumshield.png,
Shields,Accessories,Shield,accessory_shield,,fallshield,accessory_shield_fallshield.png,src/assets/Items/Shields/accessory_shield_fallshield.png,fallshield.png,
Shields,Accessories,Shield,accessory_shield,,goldshield,accessory_shield_goldshield.png,src/assets/Items/Shields/accessory_shield_goldshield.png,goldshield.png,
Shields,Accessories,Shield,accessory_shield,,goldshield2,accessory_shield_goldshield2.png,src/assets/Items/Shields/accessory_shield_goldshield2.png,goldshield2.png,
Shields,Accessories,Shield,accessory_shield,,grottoshield,accessory_shield_grottoshield.png,src/assets/Items/Shields/accessory_shield_grottoshield.png,grottoshield.png,
Shields,Accessories,Shield,accessory_shield,,imperialscutum,accessory_shield_imperialscutum.png,src/assets/Items/Shields/accessory_shield_imperialscutum.png,imperialscutum.png,
Shields,Accessories,Shield,accessory_shield,,ironshield,accessory_shield_ironshield.png,src/assets/Items/Shields/accessory_shield_ironshield.png,ironshield.png,
Shields,Accessories,Shield,accessory_shield,,kiteshield,accessory_shield_kiteshield.png,src/assets/Items/Shields/accessory_shield_kiteshield.png,kiteshield.png,
Shields,Accessories,Shield,accessory_shield,,largebuckler,accessory_shield_largebuckler.png,src/assets/Items/Shields/accessory_shield_largebuckler.png,largebuckler.png,
Shields,Accessories,Shield,accessory_shield,,lunarshield,accessory_shield_lunarshield.png,src/assets/Items/Shields/accessory_shield_lunarshield.png,lunarshield.png,
Shields,Accessories,Shield,accessory_shield,,mechashield,accessory_shield_mechashield.png,src/assets/Items/Shields/accessory_shield_mechashield.png,mechashield.png,
Shields,Accessories,Shield,accessory_shield,,merchantshield,accessory_shield_merchantshield.png,src/assets/Items/Shields/accessory_shield_merchantshield.png,merchantshield.png,
Shields,Accessories,Shield,accessory_shield,,mundrashield,accessory_shield_mundrashield.png,src/assets/Items/Shields/accessory_shield_mundrashield.png,mundrashield.png,
Shields,Accessories,Shield,accessory_shield,,natureshield,accessory_shield_natureshield.png,src/assets/Items/Shields/accessory_shield_natureshield.png,natureshield.png,
Shields,Accessories,Shield,accessory_shield,,newyearshield,accessory_shield_newyearshield.png,src/assets/Items/Shields/accessory_shield_newyearshield.png,newyearshield.png,
Shields,Accessories,Shield,accessory_shield,,oakshield,accessory_shield_oakshield.png,src/assets/Items/Shields/accessory_shield_oakshield.png,oakshield.png,
Shields,Accessories,Shield,accessory_shield,,paintshield,accessory_shield_paintshield.png,src/assets/Items/Shields/accessory_shield_paintshield.png,paintshield.png,
Shields,Accessories,Shield,accessory_shield,,paladinshield,accessory_shield_paladinshield.png,src/assets/Items/Shields/accessory_shield_paladinshield.png,paladinshield.png,
Shields,Accessories,Shield,accessory_shield,,paragon,accessory_shield_paragon.png,src/assets/Items/Shields/accessory_shield_paragon.png,paragon.png,
Shields,Accessories,Shield,accessory_shield,,pirateshield,accessory_shield_pirateshield.png,src/assets/Items/Shields/accessory_shield_pirateshield.png,pirateshield.png,
Shields,Accessories,Shield,accessory_shield,,pizzashield,accessory_shield_pizzashield.png,src/assets/Items/Shields/accessory_shield_pizzashield.png,pizzashield.png,
Shields,Accessories,Shield,accessory_shield,,platinumshield,accessory_shield_platinumshield.png,src/assets/Items/Shields/accessory_shield_platinumshield.png,platinumshield.png,
Shields,Accessories,Shield,accessory_shield,,prideshield,accessory_shield_prideshield.png,src/assets/Items/Shields/accessory_shield_prideshield.png,prideshield.png,
Shields,Accessories,Shield,accessory_shield,,shoprshield,accessory_shield_shoprshield.png,src/assets/Items/Shields/accessory_shield_shoprshield.png,shoprshield.png,
Shields,Accessories,Shield,accessory_shield,,snowshield,accessory_shield_snowshield.png,src/assets/Items/Shields/accessory_shield_snowshield.png,snowshield.png,
Shields,Accessories,Shield,accessory_shield,,stpatrickshield,accessory_shield_stpatrickshield.png,src/assets/Items/Shields/accessory_shield_stpatrickshield.png,stpatrickshield.png,
Shields,Accessories,Shield,accessory_shield,,t12shield,accessory_shield_t12shield.png,src/assets/Items/Shields/accessory_shield_t12shield.png,t12shield.png,
Shields,Accessories,Shield,accessory_shield,,t13shield,accessory_shield_t13shield.png,src/assets/Items/Shields/accessory_shield_t13shield.png,t13shield.png,
Shields,Accessories,Shield,accessory_shield,,t14shield,accessory_shield_t14shield.png,src/assets/Items/Shields/accessory_shield_t14shield.png,t14shield.png,
Shields,Accessories,Shield,accessory_shield,,t15shield,accessory_shield_t15shield.png,src/assets/Items/Shields/accessory_shield_t15shield.png,t15shield.png,
Shields,Accessories,Shield,accessory_shield,,t16shield,accessory_shield_t16shield.png,src/assets/Items/Shields/accessory_shield_t16shield.png,t16shield.png,
Shields,Accessories,Shield,accessory_shield,,towershield,accessory_shield_towershield.png,src/assets/Items/Shields/accessory_shield_towershield.png,towershield.png,
Shields,Accessories,Shield,accessory_shield,,woodshield,accessory_shield_woodshield.png,src/assets/Items/Shields/accessory_shield_woodshield.png,woodshield.png,
Shields,Accessories,Shield,accessory_shield,,zealouspavise,accessory_shield_zealouspavise.png,src/assets/Items/Shields/accessory_shield_zealouspavise.png,zealouspavise.png,
Spears,Weapons,Spear,weapon_spear,,africanspear,weapon_spear_africanspear.png,src/assets/Items/Spears/weapon_spear_africanspear.png,africanspear.png,
Spears,Weapons,Spear,weapon_spear,,airshipspear,weapon_spear_airshipspear.png,src/assets/Items/Spears/weapon_spear_airshipspear.png,airshipspear.png,
Spears,Weapons,Spear,weapon_spear,,beachspear,weapon_spear_beachspear.png,src/assets/Items/Spears/weapon_spear_beachspear.png,beachspear.png,
Spears,Weapons,Spear,weapon_spear,,bladedspear,weapon_spear_bladedspear.png,src/assets/Items/Spears/weapon_spear_bladedspear.png,bladedspear.png,
Spears,Weapons,Spear,weapon_spear,,cardboardspear,weapon_spear_cardboardspear.png,src/assets/Items/Spears/weapon_spear_cardboardspear.png,cardboardspear.png,
Spears,Weapons,Spear,weapon_spear,,celticspear,weapon_spear_celticspear.png,src/assets/Items/Spears/weapon_spear_celticspear.png,celticspear.png,
Spears,Weapons,Spear,weapon_spear,,championlance,weapon_spear_championlance.png,src/assets/Items/Spears/weapon_spear_championlance.png,championlance.png,
Spears,Weapons,Spear,weapon_spear,,christmasspear,weapon_spear_christmasspear.png,src/assets/Items/Spears/weapon_spear_christmasspear.png,christmasspear.png,
Spears,Weapons,Spear,weapon_spear,,circusspear,weapon_spear_circusspear.png,src/assets/Items/Spears/weapon_spear_circusspear.png,circusspear.png,
Spears,Weapons,Spear,weapon_spear,,communityspear,weapon_spear_communityspear.png,src/assets/Items/Spears/weapon_spear_communityspear.png,communityspear.png,
Spears,Weapons,Spear,weapon_spear,,desertspear,weapon_spear_desertspear.png,src/assets/Items/Spears/weapon_spear_desertspear.png,desertspear.png,
Spears,Weapons,Spear,weapon_spear,,easterspear,weapon_spear_easterspear.png,src/assets/Items/Spears/weapon_spear_easterspear.png,easterspear.png,
Spears,Weapons,Spear,weapon_spear,,faespear,weapon_spear_faespear.png,src/assets/Items/Spears/weapon_spear_faespear.png,faespear.png,
Spears,Weapons,Spear,weapon_spear,,fairytalespear,weapon_spear_fairytalespear.png,src/assets/Items/Spears/weapon_spear_fairytalespear.png,fairytalespear.png,
Spears,Weapons,Spear,weapon_spear,,fallspear,weapon_spear_fallspear.png,src/assets/Items/Spears/weapon_spear_fallspear.png,fallspear.png,
Spears,Weapons,Spear,weapon_spear,,feyspear,weapon_spear_feyspear.png,src/assets/Items/Spears/weapon_spear_feyspear.png,feyspear.png,
Spears,Weapons,Spear,weapon_spear,,goldspear,weapon_spear_goldspear.png,src/assets/Items/Spears/weapon_spear_goldspear.png,goldspear.png,
Spears,Weapons,Spear,weapon_spear,,goldspear2,weapon_spear_goldspear2.png,src/assets/Items/Spears/weapon_spear_goldspear2.png,goldspear2.png,
Spears,Weapons,Spear,weapon_spear,,greekspear,weapon_spear_greekspear.png,src/assets/Items/Spears/weapon_spear_greekspear.png,greekspear.png,
Spears,Weapons,Spear,weapon_spear,,heavenlyhalberd,weapon_spear_heavenlyhalberd.png,src/assets/Items/Spears/weapon_spear_heavenlyhalberd.png,heavenlyhalberd.png,
Spears,Weapons,Spear,weapon_spear,,inuitspear,weapon_spear_inuitspear.png,src/assets/Items/Spears/weapon_spear_inuitspear.png,inuitspear.png,
Spears,Weapons,Spear,weapon_spear,,ironspear,weapon_spear_ironspear.png,src/assets/Items/Spears/weapon_spear_ironspear.png,ironspear.png,
Spears,Weapons,Spear,weapon_spear,,lightdarkspear,weapon_spear_lightdarkspear.png,src/assets/Items/Spears/weapon_spear_lightdarkspear.png,lightdarkspear.png,
Spears,Weapons,Spear,weapon_spear,,lightspear,weapon_spear_lightspear.png,src/assets/Items/Spears/weapon_spear_lightspear.png,lightspear.png,
Spears,Weapons,Spear,weapon_spear,,lucky7spear,weapon_spear_lucky7spear.png,src/assets/Items/Spears/weapon_spear_lucky7spear.png,lucky7spear.png,
Spears,Weapons,Spear,weapon_spear,,lunarspear,weapon_spear_lunarspear.png,src/assets/Items/Spears/weapon_spear_lunarspear.png,lunarspear.png,
Spears,Weapons,Spear,weapon_spear,,lunarspear2,weapon_spear_lunarspear2.png,src/assets/Items/Spears/weapon_spear_lunarspear2.png,lunarspear2.png,
Spears,Weapons,Spear,weapon_spear,,metalspear,weapon_spear_metalspear.png,src/assets/Items/Spears/weapon_spear_metalspear.png,metalspear.png,
Spears,Weapons,Spear,weapon_spear,,mundraspear,weapon_spear_mundraspear.png,src/assets/Items/Spears/weapon_spear_mundraspear.png,mundraspear.png,
Spears,Weapons,Spear,weapon_spear,,newyearspear,weapon_spear_newyearspear.png,src/assets/Items/Spears/weapon_spear_newyearspear.png,newyearspear.png,
Spears,Weapons,Spear,weapon_spear,,newyearspear2,weapon_spear_newyearspear2.png,src/assets/Items/Spears/weapon_spear_newyearspear2.png,newyearspear2.png,
Spears,Weapons,Spear,weapon_spear,,olympicspear,weapon_spear_olympicspear.png,src/assets/Items/Spears/weapon_spear_olympicspear.png,olympicspear.png,
Spears,Weapons,Spear,weapon_spear,,partisan,weapon_spear_partisan.png,src/assets/Items/Spears/weapon_spear_partisan.png,partisan.png,
Spears,Weapons,Spear,weapon_spear,,pike,weapon_spear_pike.png,src/assets/Items/Spears/weapon_spear_pike.png,pike.png,
Spears,Weapons,Spear,weapon_spear,,pitchfork,weapon_spear_pitchfork.png,src/assets/Items/Spears/weapon_spear_pitchfork.png,pitchfork.png,
Spears,Weapons,Spear,weapon_spear,,platinumspear,weapon_spear_platinumspear.png,src/assets/Items/Spears/weapon_spear_platinumspear.png,platinumspear.png,
Spears,Weapons,Spear,weapon_spear,,ranseur,weapon_spear_ranseur.png,src/assets/Items/Spears/weapon_spear_ranseur.png,ranseur.png,
Spears,Weapons,Spear,weapon_spear,,riftspear,weapon_spear_riftspear.png,src/assets/Items/Spears/weapon_spear_riftspear.png,riftspear.png,
Spears,Weapons,Spear,weapon_spear,,stellarspear,weapon_spear_stellarspear.png,src/assets/Items/Spears/weapon_spear_stellarspear.png,stellarspear.png,
Spears,Weapons,Spear,weapon_spear,,sylvanspear,weapon_spear_sylvanspear.png,src/assets/Items/Spears/weapon_spear_sylvanspear.png,sylvanspear.png,
Spears,Weapons,Spear,weapon_spear,,t12spear,weapon_spear_t12spear.png,src/assets/Items/Spears/weapon_spear_t12spear.png,t12spear.png,
Spears,Weapons,Spear,weapon_spear,,t13spear,weapon_spear_t13spear.png,src/assets/Items/Spears/weapon_spear_t13spear.png,t13spear.png,
Spears,Weapons,Spear,weapon_spear,,t14spear,weapon_spear_t14spear.png,src/assets/Items/Spears/weapon_spear_t14spear.png,t14spear.png,
Spears,Weapons,Spear,weapon_spear,,t15spear,weapon_spear_t15spear.png,src/assets/Items/Spears/weapon_spear_t15spear.png,t15spear.png,
Spears,Weapons,Spear,weapon_spear,,t16spear,weapon_spear_t16spear.png,src/assets/Items/Spears/weapon_spear_t16spear.png,t16spear.png,
Spears,Weapons,Spear,weapon_spear,,templespear,weapon_spear_templespear.png,src/assets/Items/Spears/weapon_spear_templespear.png,templespear.png,
Spears,Weapons,Spear,weapon_spear,,thanksgivingspear,weapon_spear_thanksgivingspear.png,src/assets/Items/Spears/weapon_spear_thanksgivingspear.png,thanksgivingspear.png,
Spears,Weapons,Spear,weapon_spear,,tombspear,weapon_spear_tombspear.png,src/assets/Items/Spears/weapon_spear_tombspear.png,tombspear.png,
Spears,Weapons,Spear,weapon_spear,,trident,weapon_spear_trident.png,src/assets/Items/Spears/weapon_spear_trident.png,trident.png,
Spears,Weapons,Spear,weapon_spear,,woodspear,weapon_spear_woodspear.png,src/assets/Items/Spears/weapon_spear_woodspear.png,woodspear.png,
Spears,Weapons,Spear,weapon_spear,,wyvernglaive,weapon_spear_wyvernglaive.png,src/assets/Items/Spears/weapon_spear_wyvernglaive.png,wyvernglaive.png,
Spears,Weapons,Spear,weapon_spear,,yetispear,weapon_spear_yetispear.png,src/assets/Items/Spears/weapon_spear_yetispear.png,yetispear.png,
Spells,Accessories,Spell,accessory_spell,,1000bp,accessory_spell_1000bp.png,src/assets/Items/Spells/accessory_spell_1000bp.png,1000bp.png,
Spells,Accessories,Spell,accessory_spell,,allknowledge,accessory_spell_allknowledge.png,src/assets/Items/Spells/accessory_spell_allknowledge.png,allknowledge.png,
Spells,Accessories,Spell,accessory_spell,,angelscroll,accessory_spell_angelscroll.png,src/assets/Items/Spells/accessory_spell_angelscroll.png,angelscroll.png,
Spells,Accessories,Spell,accessory_spell,,anubisscroll,accessory_spell_anubisscroll.png,src/assets/Items/Spells/accessory_spell_anubisscroll.png,anubisscroll.png,
Spells,Accessories,Spell,accessory_spell,,artifactscroll,accessory_spell_artifactscroll.png,src/assets/Items/Spells/accessory_spell_artifactscroll.png,artifactscroll.png,
Spells,Accessories,Spell,accessory_spell,,batscroll,accessory_spell_batscroll.png,src/assets/Items/Spells/accessory_spell_batscroll.png,batscroll.png,
Spells,Accessories,Spell,accessory_spell,,cardscroll,accessory_spell_cardscroll.png,src/assets/Items/Spells/accessory_spell_cardscroll.png,cardscroll.png,
Spells,Accessories,Spell,accessory_spell,,celestialscroll,accessory_spell_celestialscroll.png,src/assets/Items/Spells/accessory_spell_celestialscroll.png,celestialscroll.png,
Spells,Accessories,Spell,accessory_spell,,celticscroll,accessory_spell_celticscroll.png,src/assets/Items/Spells/accessory_spell_celticscroll.png,celticscroll.png,
Spells,Accessories,Spell,accessory_spell,,christmascroll,accessory_spell_christmascroll.png,src/assets/Items/Spells/accessory_spell_christmascroll.png,christmascroll.png,
Spells,Accessories,Spell,accessory_spell,,chronoscroll,accessory_spell_chronoscroll.png,src/assets/Items/Spells/accessory_spell_chronoscroll.png,chronoscroll.png,
Spells,Accessories,Spell,accessory_spell,,correspondence,accessory_spell_correspondence.png,src/assets/Items/Spells/accessory_spell_correspondence.png,correspondence.png,
Spells,Accessories,Spell,accessory_spell,,darkscroll,accessory_spell_darkscroll.png,src/assets/Items/Spells/accessory_spell_darkscroll.png,darkscroll.png,
Spells,Accessories,Spell,accessory_spell,,demonscroll,accessory_spell_demonscroll.png,src/assets/Items/Spells/accessory_spell_demonscroll.png,demonscroll.png,
Spells,Accessories,Spell,accessory_spell,,fireworksscroll,accessory_spell_fireworksscroll.png,src/assets/Items/Spells/accessory_spell_fireworksscroll.png,fireworksscroll.png,
Spells,Accessories,Spell,accessory_spell,,forestscroll,accessory_spell_forestscroll.png,src/assets/Items/Spells/accessory_spell_forestscroll.png,forestscroll.png,
Spells,Accessories,Spell,accessory_spell,,freedomscroll,accessory_spell_freedomscroll.png,src/assets/Items/Spells/accessory_spell_freedomscroll.png,freedomscroll.png,
Spells,Accessories,Spell,accessory_spell,,goldscroll,accessory_spell_goldscroll.png,src/assets/Items/Spells/accessory_spell_goldscroll.png,goldscroll.png,
Spells,Accessories,Spell,accessory_spell,,goldscroll2,accessory_spell_goldscroll2.png,src/assets/Items/Spells/accessory_spell_goldscroll2.png,goldscroll2.png,
Spells,Accessories,Spell,accessory_spell,,gothicscroll,accessory_spell_gothicscroll.png,src/assets/Items/Spells/accessory_spell_gothicscroll.png,gothicscroll.png,
Spells,Accessories,Spell,accessory_spell,,grimoireaeternum,accessory_spell_grimoireaeternum.png,src/assets/Items/Spells/accessory_spell_grimoireaeternum.png,grimoireaeternum.png,
Spells,Accessories,Spell,accessory_spell,,liluscroll,accessory_spell_liluscroll.png,src/assets/Items/Spells/accessory_spell_liluscroll.png,liluscroll.png,
Spells,Accessories,Spell,accessory_spell,,lunarscroll,accessory_spell_lunarscroll.png,src/assets/Items/Spells/accessory_spell_lunarscroll.png,lunarscroll.png,
Spells,Accessories,Spell,accessory_spell,,mundrascroll,accessory_spell_mundrascroll.png,src/assets/Items/Spells/accessory_spell_mundrascroll.png,mundrascroll.png,
Spells,Accessories,Spell,accessory_spell,,newyearscroll,accessory_spell_newyearscroll.png,src/assets/Items/Spells/accessory_spell_newyearscroll.png,newyearscroll.png,
Spells,Accessories,Spell,accessory_spell,,peakscroll,accessory_spell_peakscroll.png,src/assets/Items/Spells/accessory_spell_peakscroll.png,peakscroll.png,
Spells,Accessories,Spell,accessory_spell,,platinumscroll,accessory_spell_platinumscroll.png,src/assets/Items/Spells/accessory_spell_platinumscroll.png,platinumscroll.png,
Spells,Accessories,Spell,accessory_spell,,priestbook,accessory_spell_priestbook.png,src/assets/Items/Spells/accessory_spell_priestbook.png,priestbook.png,
Spells,Accessories,Spell,accessory_spell,,riftscroll,accessory_spell_riftscroll.png,src/assets/Items/Spells/accessory_spell_riftscroll.png,riftscroll.png,
Spells,Accessories,Spell,accessory_spell,,scrolloffire,accessory_spell_scrolloffire.png,src/assets/Items/Spells/accessory_spell_scrolloffire.png,scrolloffire.png,
Spells,Accessories,Spell,accessory_spell,,scrollofice,accessory_spell_scrollofice.png,src/assets/Items/Spells/accessory_spell_scrollofice.png,scrollofice.png,
Spells,Accessories,Spell,accessory_spell,,scrollofinvisibility,accessory_spell_scrollofinvisibility.png,src/assets/Items/Spells/accessory_spell_scrollofinvisibility.png,scrollofinvisibility.png,
Spells,Accessories,Spell,accessory_spell,,scrolloflevitation,accessory_spell_scrolloflevitation.png,src/assets/Items/Spells/accessory_spell_scrolloflevitation.png,scrolloflevitation.png,
Spells,Accessories,Spell,accessory_spell,,scrollofprotection,accessory_spell_scrollofprotection.png,src/assets/Items/Spells/accessory_spell_scrollofprotection.png,scrollofprotection.png,
Spells,Accessories,Spell,accessory_spell,,scrollofthunder,accessory_spell_scrollofthunder.png,src/assets/Items/Spells/accessory_spell_scrollofthunder.png,scrollofthunder.png,
Spells,Accessories,Spell,accessory_spell,,songofvalor,accessory_spell_songofvalor.png,src/assets/Items/Spells/accessory_spell_songofvalor.png,songofvalor.png,
Spells,Accessories,Spell,accessory_spell,,spacescroll,accessory_spell_spacescroll.png,src/assets/Items/Spells/accessory_spell_spacescroll.png,spacescroll.png,
Spells,Accessories,Spell,accessory_spell,,spellbook3,accessory_spell_spellbook3.png,src/assets/Items/Spells/accessory_spell_spellbook3.png,spellbook3.png,
Spells,Accessories,Spell,accessory_spell,,swampscroll,accessory_spell_swampscroll.png,src/assets/Items/Spells/accessory_spell_swampscroll.png,swampscroll.png,
Spells,Accessories,Spell,accessory_spell,,t12scroll,accessory_spell_t12scroll.png,src/assets/Items/Spells/accessory_spell_t12scroll.png,t12scroll.png,
Spells,Accessories,Spell,accessory_spell,,t13scroll,accessory_spell_t13scroll.png,src/assets/Items/Spells/accessory_spell_t13scroll.png,t13scroll.png,
Spells,Accessories,Spell,accessory_spell,,t14scroll,accessory_spell_t14scroll.png,src/assets/Items/Spells/accessory_spell_t14scroll.png,t14scroll.png,
Spells,Accessories,Spell,accessory_spell,,t15scroll,accessory_spell_t15scroll.png,src/assets/Items/Spells/accessory_spell_t15scroll.png,t15scroll.png,
Spells,Accessories,Spell,accessory_spell,,t16scroll,accessory_spell_t16scroll.png,src/assets/Items/Spells/accessory_spell_t16scroll.png,t16scroll.png,
Spells,Accessories,Spell,accessory_spell,,tamasscroll,accessory_spell_tamasscroll.png,src/assets/Items/Spells/accessory_spell_tamasscroll.png,tamasscroll.png,
Spells,Accessories,Spell,accessory_spell,,tarot,accessory_spell_tarot.png,src/assets/Items/Spells/accessory_spell_tarot.png,tarot.png,
Spells,Accessories,Spell,accessory_spell,,tomeofknowledge,accessory_spell_tomeofknowledge.png,src/assets/Items/Spells/accessory_spell_tomeofknowledge.png,tomeofknowledge.png,
Spells,Accessories,Spell,accessory_spell,,unicornscroll,accessory_spell_unicornscroll.png,src/assets/Items/Spells/accessory_spell_unicornscroll.png,unicornscroll.png,
Spells,Accessories,Spell,accessory_spell,,valentinescroll,accessory_spell_valentinescroll.png,src/assets/Items/Spells/accessory_spell_valentinescroll.png,valentinescroll.png,
Spells,Accessories,Spell,accessory_spell,,vipscroll,accessory_spell_vipscroll.png,src/assets/Items/Spells/accessory_spell_vipscroll.png,vipscroll.png,
Spells,Accessories,Spell,accessory_spell,,waxtablet,accessory_spell_waxtablet.png,src/assets/Items/Spells/accessory_spell_waxtablet.png,waxtablet.png,
Spells,Accessories,Spell,accessory_spell,,yulescroll,accessory_spell_yulescroll.png,src/assets/Items/Spells/accessory_spell_yulescroll.png,yulescroll.png,
Spirits,Enchantments,Spirit,spirit,,armadillo,spirit_armadillo.png,src/assets/Items/Spirits/spirit_armadillo.png,armadillo.png,
Spirits,Enchantments,Spirit,spirit,,bahamut,spirit_bahamut.png,src/assets/Items/Spirits/spirit_bahamut.png,bahamut.png,
Spirits,Enchantments,Spirit,spirit,,bear,spirit_bear.png,src/assets/Items/Spirits/spirit_bear.png,bear.png,
Spirits,Enchantments,Spirit,spirit,,behemoth,spirit_behemoth.png,src/assets/Items/Spirits/spirit_behemoth.png,behemoth.png,
Spirits,Enchantments,Spirit,spirit,,carbuncle,spirit_carbuncle.png,src/assets/Items/Spirits/spirit_carbuncle.png,carbuncle.png,
Spirits,Enchantments,Spirit,spirit,,cat,spirit_cat.png,src/assets/Items/Spirits/spirit_cat.png,cat.png,
Spirits,Enchantments,Spirit,spirit,,chimera,spirit_chimera.png,src/assets/Items/Spirits/spirit_chimera.png,chimera.png,
Spirits,Enchantments,Spirit,spirit,,crab,spirit_crab.png,src/assets/Items/Spirits/spirit_crab.png,crab.png,
Spirits,Enchantments,Spirit,spirit,,dinosaur,spirit_dinosaur.png,src/assets/Items/Spirits/spirit_dinosaur.png,dinosaur.png,
Spirits,Enchantments,Spirit,spirit,,eagle,spirit_eagle.png,src/assets/Items/Spirits/spirit_eagle.png,eagle.png,
Spirits,Enchantments,Spirit,spirit,,goose,spirit_goose.png,src/assets/Items/Spirits/spirit_goose.png,goose.png,
Spirits,Enchantments,Spirit,spirit,,griffin,spirit_griffin.png,src/assets/Items/Spirits/spirit_griffin.png,griffin.png,
Spirits,Enchantments,Spirit,spirit,,hippo,spirit_hippo.png,src/assets/Items/Spirits/spirit_hippo.png,hippo.png,
Spirits,Enchantments,Spirit,spirit,,hydra,spirit_hydra.png,src/assets/Items/Spirits/spirit_hydra.png,hydra.png,
Spirits,Enchantments,Spirit,spirit,,kirinspirit,spirit_kirinspirit.png,src/assets/Items/Spirits/spirit_kirinspirit.png,kirinspirit.png,
Spirits,Enchantments,Spirit,spirit,,kraken,spirit_kraken.png,src/assets/Items/Spirits/spirit_kraken.png,kraken.png,
Spirits,Enchantments,Spirit,spirit,,krampus,spirit_krampus.png,src/assets/Items/Spirits/spirit_krampus.png,krampus.png,
Spirits,Enchantments,Spirit,spirit,,leviathan,spirit_leviathan.png,src/assets/Items/Spirits/spirit_leviathan.png,leviathan.png,
Spirits,Enchantments,Spirit,spirit,,lion,spirit_lion.png,src/assets/Items/Spirits/spirit_lion.png,lion.png,
Spirits,Enchantments,Spirit,spirit,,lizard,spirit_lizard.png,src/assets/Items/Spirits/spirit_lizard.png,lizard.png,
Spirits,Enchantments,Spirit,spirit,,luxuriousspirit,spirit_luxuriousspirit.png,src/assets/Items/Spirits/spirit_luxuriousspirit.png,luxuriousspirit.png,
Spirits,Enchantments,Spirit,spirit,,mammoth,spirit_mammoth.png,src/assets/Items/Spirits/spirit_mammoth.png,mammoth.png,
Spirits,Enchantments,Spirit,spirit,,opulentspirit,spirit_opulentspirit.png,src/assets/Items/Spirits/spirit_opulentspirit.png,opulentspirit.png,
Spirits,Enchantments,Spirit,spirit,,ouroboros,spirit_ouroboros.png,src/assets/Items/Spirits/spirit_ouroboros.png,ouroboros.png,
Spirits,Enchantments,Spirit,spirit,,owl,spirit_owl.png,src/assets/Items/Spirits/spirit_owl.png,owl.png,
Spirits,Enchantments,Spirit,spirit,,ox,spirit_ox.png,src/assets/Items/Spirits/spirit_ox.png,ox.png,
Spirits,Enchantments,Spirit,spirit,,phoenix,spirit_phoenix.png,src/assets/Items/Spirits/spirit_phoenix.png,phoenix.png,
Spirits,Enchantments,Spirit,spirit,,platinumspirit,spirit_platinumspirit.png,src/assets/Items/Spirits/spirit_platinumspirit.png,platinumspirit.png,
Spirits,Enchantments,Spirit,spirit,,rabbitspirit,spirit_rabbitspirit.png,src/assets/Items/Spirits/spirit_rabbitspirit.png,rabbitspirit.png,
Spirits,Enchantments,Spirit,spirit,,rhino,spirit_rhino.png,src/assets/Items/Spirits/spirit_rhino.png,rhino.png,
Spirits,Enchantments,Spirit,spirit,,santa,spirit_santa.png,src/assets/Items/Spirits/spirit_santa.png,santa.png,
Spirits,Enchantments,Spirit,spirit,,shark,spirit_shark.png,src/assets/Items/Spirits/spirit_shark.png,shark.png,
Spirits,Enchantments,Spirit,spirit,,squirrel,spirit_squirrel.png,src/assets/Items/Spirits/spirit_squirrel.png,squirrel.png,
Spirits,Enchantments,Spirit,spirit,,tarrasque,spirit_tarrasque.png,src/assets/Items/Spirits/spirit_tarrasque.png,tarrasque.png,
Spirits,Enchantments,Spirit,spirit,,tiger,spirit_tiger.png,src/assets/Items/Spirits/spirit_tiger.png,tiger.png,
Spirits,Enchantments,Spirit,spirit,,titan,spirit_titan.png,src/assets/Items/Spirits/spirit_titan.png,titan.png,
Spirits,Enchantments,Spirit,spirit,,tomb,spirit_tomb.png,src/assets/Items/Spirits/spirit_tomb.png,tomb.png,
Spirits,Enchantments,Spirit,spirit,,turtle,spirit_turtle.png,src/assets/Items/Spirits/spirit_turtle.png,turtle.png,
Spirits,Enchantments,Spirit,spirit,,viper,spirit_viper.png,src/assets/Items/Spirits/spirit_viper.png,viper.png,
Spirits,Enchantments,Spirit,spirit,,walrus,spirit_walrus.png,src/assets/Items/Spirits/spirit_walrus.png,walrus.png,
Spirits,Enchantments,Spirit,spirit,,wolf,spirit_wolf.png,src/assets/Items/Spirits/spirit_wolf.png,wolf.png,
Staves,Weapons,Staff,weapon_staff,,anubisstaff,weapon_staff_anubisstaff.png,src/assets/Items/Staves/weapon_staff_anubisstaff.png,anubisstaff.png,
Staves,Weapons,Staff,weapon_staff,,blackfridaystaff,weapon_staff_blackfridaystaff.png,src/assets/Items/Staves/weapon_staff_blackfridaystaff.png,blackfridaystaff.png,
Staves,Weapons,Staff,weapon_staff,,bo,weapon_staff_bo.png,src/assets/Items/Staves/weapon_staff_bo.png,bo.png,
Staves,Weapons,Staff,weapon_staff,,bugstaff,weapon_staff_bugstaff.png,src/assets/Items/Staves/weapon_staff_bugstaff.png,bugstaff.png,
Staves,Weapons,Staff,weapon_staff,,cane,weapon_staff_cane.png,src/assets/Items/Staves/weapon_staff_cane.png,cane.png,
Staves,Weapons,Staff,weapon_staff,,castlestaff,weapon_staff_castlestaff.png,src/assets/Items/Staves/weapon_staff_castlestaff.png,castlestaff.png,
Staves,Weapons,Staff,weapon_staff,,celestialrod,weapon_staff_celestialrod.png,src/assets/Items/Staves/weapon_staff_celestialrod.png,celestialrod.png,
Staves,Weapons,Staff,weapon_staff,,christmasstaff,weapon_staff_christmasstaff.png,src/assets/Items/Staves/weapon_staff_christmasstaff.png,christmasstaff.png,
Staves,Weapons,Staff,weapon_staff,,collectionstaff,weapon_staff_collectionstaff.png,src/assets/Items/Staves/weapon_staff_collectionstaff.png,collectionstaff.png,
Staves,Weapons,Staff,weapon_staff,,conflux,weapon_staff_conflux.png,src/assets/Items/Staves/weapon_staff_conflux.png,conflux.png,
Staves,Weapons,Staff,weapon_staff,,faestaff,weapon_staff_faestaff.png,src/assets/Items/Staves/weapon_staff_faestaff.png,faestaff.png,
Staves,Weapons,Staff,weapon_staff,,fallstaff,weapon_staff_fallstaff.png,src/assets/Items/Staves/weapon_staff_fallstaff.png,fallstaff.png,
Staves,Weapons,Staff,weapon_staff,,gatormaidstaff,weapon_staff_gatormaidstaff.png,src/assets/Items/Staves/weapon_staff_gatormaidstaff.png,gatormaidstaff.png,
Staves,Weapons,Staff,weapon_staff,,goldstaff,weapon_staff_goldstaff.png,src/assets/Items/Staves/weapon_staff_goldstaff.png,goldstaff.png,
Staves,Weapons,Staff,weapon_staff,,goldstaff2,weapon_staff_goldstaff2.png,src/assets/Items/Staves/weapon_staff_goldstaff2.png,goldstaff2.png,
Staves,Weapons,Staff,weapon_staff,,hemmadonstaff,weapon_staff_hemmadonstaff.png,src/assets/Items/Staves/weapon_staff_hemmadonstaff.png,hemmadonstaff.png,
Staves,Weapons,Staff,weapon_staff,,imperialaquila,weapon_staff_imperialaquila.png,src/assets/Items/Staves/weapon_staff_imperialaquila.png,imperialaquila.png,
Staves,Weapons,Staff,weapon_staff,,kingstaff,weapon_staff_kingstaff.png,src/assets/Items/Staves/weapon_staff_kingstaff.png,kingstaff.png,
Staves,Weapons,Staff,weapon_staff,,leafstaff,weapon_staff_leafstaff.png,src/assets/Items/Staves/weapon_staff_leafstaff.png,leafstaff.png,
Staves,Weapons,Staff,weapon_staff,,lemonstaff,weapon_staff_lemonstaff.png,src/assets/Items/Staves/weapon_staff_lemonstaff.png,lemonstaff.png,
Staves,Weapons,Staff,weapon_staff,,lilustaff,weapon_staff_lilustaff.png,src/assets/Items/Staves/weapon_staff_lilustaff.png,lilustaff.png,
Staves,Weapons,Staff,weapon_staff,,lucky7staff,weapon_staff_lucky7staff.png,src/assets/Items/Staves/weapon_staff_lucky7staff.png,lucky7staff.png,
Staves,Weapons,Staff,weapon_staff,,lunarstaff,weapon_staff_lunarstaff.png,src/assets/Items/Staves/weapon_staff_lunarstaff.png,lunarstaff.png,
Staves,Weapons,Staff,weapon_staff,,magicalgirlstaff,weapon_staff_magicalgirlstaff.png,src/assets/Items/Staves/weapon_staff_magicalgirlstaff.png,magicalgirlstaff.png,
Staves,Weapons,Staff,weapon_staff,,maladystaff,weapon_staff_maladystaff.png,src/assets/Items/Staves/weapon_staff_maladystaff.png,maladystaff.png,
Staves,Weapons,Staff,weapon_staff,,mundrastaff,weapon_staff_mundrastaff.png,src/assets/Items/Staves/weapon_staff_mundrastaff.png,mundrastaff.png,
Staves,Weapons,Staff,weapon_staff,,musicstaff,weapon_staff_musicstaff.png,src/assets/Items/Staves/weapon_staff_musicstaff.png,musicstaff.png,
Staves,Weapons,Staff,weapon_staff,,oakstaff,weapon_staff_oakstaff.png,src/assets/Items/Staves/weapon_staff_oakstaff.png,oakstaff.png,
Staves,Weapons,Staff,weapon_staff,,paintstaff,weapon_staff_paintstaff.png,src/assets/Items/Staves/weapon_staff_paintstaff.png,paintstaff.png,
Staves,Weapons,Staff,weapon_staff,,penumbra,weapon_staff_penumbra.png,src/assets/Items/Staves/weapon_staff_penumbra.png,penumbra.png,
Staves,Weapons,Staff,weapon_staff,,pizzastaff,weapon_staff_pizzastaff.png,src/assets/Items/Staves/weapon_staff_pizzastaff.png,pizzastaff.png,
Staves,Weapons,Staff,weapon_staff,,platinumstaff,weapon_staff_platinumstaff.png,src/assets/Items/Staves/weapon_staff_platinumstaff.png,platinumstaff.png,
Staves,Weapons,Staff,weapon_staff,,riftstaff,weapon_staff_riftstaff.png,src/assets/Items/Staves/weapon_staff_riftstaff.png,riftstaff.png,
Staves,Weapons,Staff,weapon_staff,,rosestaff,weapon_staff_rosestaff.png,src/assets/Items/Staves/weapon_staff_rosestaff.png,rosestaff.png,
Staves,Weapons,Staff,weapon_staff,,ruinsstaff,weapon_staff_ruinsstaff.png,src/assets/Items/Staves/weapon_staff_ruinsstaff.png,ruinsstaff.png,
Staves,Weapons,Staff,weapon_staff,,scepter,weapon_staff_scepter.png,src/assets/Items/Staves/weapon_staff_scepter.png,scepter.png,
Staves,Weapons,Staff,weapon_staff,,selfcarestaff,weapon_staff_selfcarestaff.png,src/assets/Items/Staves/weapon_staff_selfcarestaff.png,selfcarestaff.png,
Staves,Weapons,Staff,weapon_staff,,spacestaff,weapon_staff_spacestaff.png,src/assets/Items/Staves/weapon_staff_spacestaff.png,spacestaff.png,
Staves,Weapons,Staff,weapon_staff,,spellbladestaff,weapon_staff_spellbladestaff.png,src/assets/Items/Staves/weapon_staff_spellbladestaff.png,spellbladestaff.png,
Staves,Weapons,Staff,weapon_staff,,starterstaff,weapon_staff_starterstaff.png,src/assets/Items/Staves/weapon_staff_starterstaff.png,starterstaff.png,
Staves,Weapons,Staff,weapon_staff,,swampstaff,weapon_staff_swampstaff.png,src/assets/Items/Staves/weapon_staff_swampstaff.png,swampstaff.png,
Staves,Weapons,Staff,weapon_staff,,t12staff,weapon_staff_t12staff.png,src/assets/Items/Staves/weapon_staff_t12staff.png,t12staff.png,
Staves,Weapons,Staff,weapon_staff,,t13staff,weapon_staff_t13staff.png,src/assets/Items/Staves/weapon_staff_t13staff.png,t13staff.png,
Staves,Weapons,Staff,weapon_staff,,t14staff,weapon_staff_t14staff.png,src/assets/Items/Staves/weapon_staff_t14staff.png,t14staff.png,
Staves,Weapons,Staff,weapon_staff,,t15staff,weapon_staff_t15staff.png,src/assets/Items/Staves/weapon_staff_t15staff.png,t15staff.png,
Staves,Weapons,Staff,weapon_staff,,t16staff,weapon_staff_t16staff.png,src/assets/Items/Staves/weapon_staff_t16staff.png,t16staff.png,
Staves,Weapons,Staff,weapon_staff,,tombstaff,weapon_staff_tombstaff.png,src/assets/Items/Staves/weapon_staff_tombstaff.png,tombstaff.png,
Staves,Weapons,Staff,weapon_staff,,transcendance,weapon_staff_transcendance.png,src/assets/Items/Staves/weapon_staff_transcendance.png,transcendance.png,
Staves,Weapons,Staff,weapon_staff,,valentinestaff,weapon_staff_valentinestaff.png,src/assets/Items/Staves/weapon_staff_valentinestaff.png,valentinestaff.png,
Staves,Weapons,Staff,weapon_staff,,wiccanstaff,weapon_staff_wiccanstaff.png,src/assets/Items/Staves/weapon_staff_wiccanstaff.png,wiccanstaff.png,
Staves,Weapons,Staff,weapon_staff,,wizardstaff,weapon_staff_wizardstaff.png,src/assets/Items/Staves/weapon_staff_wizardstaff.png,wizardstaff.png,
Staves,Weapons,Staff,weapon_staff,,woodbranch,weapon_staff_woodbranch.png,src/assets/Items/Staves/weapon_staff_woodbranch.png,woodbranch.png,
Staves,Weapons,Staff,weapon_staff,,yetistaff,weapon_staff_yetistaff.png,src/assets/Items/Staves/weapon_staff_yetistaff.png,yetistaff.png,
Staves,Weapons,Staff,weapon_staff,,yulestaff,weapon_staff_yulestaff.png,src/assets/Items/Staves/weapon_staff_yulestaff.png,yulestaff.png,
Swords,Weapons,Sword,weapon_sword,,arcadesword,weapon_sword_arcadesword.png,src/assets/Items/Swords/weapon_sword_arcadesword.png,arcadesword.png,
Swords,Weapons,Sword,weapon_sword,,artifactsword,weapon_sword_artifactsword.png,src/assets/Items/Swords/weapon_sword_artifactsword.png,artifactsword.png,
Swords,Weapons,Sword,weapon_sword,,broadsword,weapon_sword_broadsword.png,src/assets/Items/Swords/weapon_sword_broadsword.png,broadsword.png,
Swords,Weapons,Sword,weapon_sword,,candysword,weapon_sword_candysword.png,src/assets/Items/Swords/weapon_sword_candysword.png,candysword.png,
Swords,Weapons,Sword,weapon_sword,,canesword,weapon_sword_canesword.png,src/assets/Items/Swords/weapon_sword_canesword.png,canesword.png,
Swords,Weapons,Sword,weapon_sword,,celesteelblade,weapon_sword_celesteelblade.png,src/assets/Items/Swords/weapon_sword_celesteelblade.png,celesteelblade.png,
Swords,Weapons,Sword,weapon_sword,,cleaver,weapon_sword_cleaver.png,src/assets/Items/Swords/weapon_sword_cleaver.png,cleaver.png,
Swords,Weapons,Sword,weapon_sword,,cutlass,weapon_sword_cutlass.png,src/assets/Items/Swords/weapon_sword_cutlass.png,cutlass.png,
Swords,Weapons,Sword,weapon_sword,,cyberpunksword,weapon_sword_cyberpunksword.png,src/assets/Items/Swords/weapon_sword_cyberpunksword.png,cyberpunksword.png,
Swords,Weapons,Sword,weapon_sword,,cyclopssword,weapon_sword_cyclopssword.png,src/assets/Items/Swords/weapon_sword_cyclopssword.png,cyclopssword.png,
Swords,Weapons,Sword,weapon_sword,,darksword,weapon_sword_darksword.png,src/assets/Items/Swords/weapon_sword_darksword.png,darksword.png,
Swords,Weapons,Sword,weapon_sword,,dinosword,weapon_sword_dinosword.png,src/assets/Items/Swords/weapon_sword_dinosword.png,dinosword.png,
Swords,Weapons,Sword,weapon_sword,,dragonsword,weapon_sword_dragonsword.png,src/assets/Items/Swords/weapon_sword_dragonsword.png,dragonsword.png,
Swords,Weapons,Sword,weapon_sword,,fairytalesword,weapon_sword_fairytalesword.png,src/assets/Items/Swords/weapon_sword_fairytalesword.png,fairytalesword.png,
Swords,Weapons,Sword,weapon_sword,,falchion,weapon_sword_falchion.png,src/assets/Items/Swords/weapon_sword_falchion.png,falchion.png,
Swords,Weapons,Sword,weapon_sword,,fallsword,weapon_sword_fallsword.png,src/assets/Items/Swords/weapon_sword_fallsword.png,fallsword.png,
Swords,Weapons,Sword,weapon_sword,,goldsword,weapon_sword_goldsword.png,src/assets/Items/Swords/weapon_sword_goldsword.png,goldsword.png,
Swords,Weapons,Sword,weapon_sword,,goldsword2,weapon_sword_goldsword2.png,src/assets/Items/Swords/weapon_sword_goldsword2.png,goldsword2.png,
Swords,Weapons,Sword,weapon_sword,,gothicsword,weapon_sword_gothicsword.png,src/assets/Items/Swords/weapon_sword_gothicsword.png,gothicsword.png,
Swords,Weapons,Sword,weapon_sword,,greeksword,weapon_sword_greeksword.png,src/assets/Items/Swords/weapon_sword_greeksword.png,greeksword.png,
Swords,Weapons,Sword,weapon_sword,,grottosword,weapon_sword_grottosword.png,src/assets/Items/Swords/weapon_sword_grottosword.png,grottosword.png,
Swords,Weapons,Sword,weapon_sword,,herosword,weapon_sword_herosword.png,src/assets/Items/Swords/weapon_sword_herosword.png,herosword.png,
Swords,Weapons,Sword,weapon_sword,,jurassicsword,weapon_sword_jurassicsword.png,src/assets/Items/Swords/weapon_sword_jurassicsword.png,jurassicsword.png,
Swords,Weapons,Sword,weapon_sword,,katana,weapon_sword_katana.png,src/assets/Items/Swords/weapon_sword_katana.png,katana.png,
Swords,Weapons,Sword,weapon_sword,,longsword,weapon_sword_longsword.png,src/assets/Items/Swords/weapon_sword_longsword.png,longsword.png,
Swords,Weapons,Sword,weapon_sword,,lunarsword,weapon_sword_lunarsword.png,src/assets/Items/Swords/weapon_sword_lunarsword.png,lunarsword.png,
Swords,Weapons,Sword,weapon_sword,,lunarsword2,weapon_sword_lunarsword2.png,src/assets/Items/Swords/weapon_sword_lunarsword2.png,lunarsword2.png,
Swords,Weapons,Sword,weapon_sword,,maladysword,weapon_sword_maladysword.png,src/assets/Items/Swords/weapon_sword_maladysword.png,maladysword.png,
Swords,Weapons,Sword,weapon_sword,,moonsword,weapon_sword_moonsword.png,src/assets/Items/Swords/weapon_sword_moonsword.png,moonsword.png,
Swords,Weapons,Sword,weapon_sword,,musketeersword,weapon_sword_musketeersword.png,src/assets/Items/Swords/weapon_sword_musketeersword.png,musketeersword.png,
Swords,Weapons,Sword,weapon_sword,,newyearsword,weapon_sword_newyearsword.png,src/assets/Items/Swords/weapon_sword_newyearsword.png,newyearsword.png,
Swords,Weapons,Sword,weapon_sword,,officesword,weapon_sword_officesword.png,src/assets/Items/Swords/weapon_sword_officesword.png,officesword.png,
Swords,Weapons,Sword,weapon_sword,,platinumsword,weapon_sword_platinumsword.png,src/assets/Items/Swords/weapon_sword_platinumsword.png,platinumsword.png,
Swords,Weapons,Sword,weapon_sword,,poloniacutlass,weapon_sword_poloniacutlass.png,src/assets/Items/Swords/weapon_sword_poloniacutlass.png,poloniacutlass.png,
Swords,Weapons,Sword,weapon_sword,,prismasword,weapon_sword_prismasword.png,src/assets/Items/Swords/weapon_sword_prismasword.png,prismasword.png,
Swords,Weapons,Sword,weapon_sword,,pumpkinsword,weapon_sword_pumpkinsword.png,src/assets/Items/Swords/weapon_sword_pumpkinsword.png,pumpkinsword.png,
Swords,Weapons,Sword,weapon_sword,,rapier,weapon_sword_rapier.png,src/assets/Items/Swords/weapon_sword_rapier.png,rapier.png,
Swords,Weapons,Sword,weapon_sword,,ruinssword,weapon_sword_ruinssword.png,src/assets/Items/Swords/weapon_sword_ruinssword.png,ruinssword.png,
Swords,Weapons,Sword,weapon_sword,,scimitar,weapon_sword_scimitar.png,src/assets/Items/Swords/weapon_sword_scimitar.png,scimitar.png,
Swords,Weapons,Sword,weapon_sword,,shoprsword,weapon_sword_shoprsword.png,src/assets/Items/Swords/weapon_sword_shoprsword.png,shoprsword.png,
Swords,Weapons,Sword,weapon_sword,,shortsword,weapon_sword_shortsword.png,src/assets/Items/Swords/weapon_sword_shortsword.png,shortsword.png,
Swords,Weapons,Sword,weapon_sword,,spacesword,weapon_sword_spacesword.png,src/assets/Items/Swords/weapon_sword_spacesword.png,spacesword.png,
Swords,Weapons,Sword,weapon_sword,,t12sword,weapon_sword_t12sword.png,src/assets/Items/Swords/weapon_sword_t12sword.png,t12sword.png,
Swords,Weapons,Sword,weapon_sword,,t13sword,weapon_sword_t13sword.png,src/assets/Items/Swords/weapon_sword_t13sword.png,t13sword.png,
Swords,Weapons,Sword,weapon_sword,,t14sword,weapon_sword_t14sword.png,src/assets/Items/Swords/weapon_sword_t14sword.png,t14sword.png,
Swords,Weapons,Sword,weapon_sword,,t15sword,weapon_sword_t15sword.png,src/assets/Items/Swords/weapon_sword_t15sword.png,t15sword.png,
Swords,Weapons,Sword,weapon_sword,,t16sword,weapon_sword_t16sword.png,src/assets/Items/Swords/weapon_sword_t16sword.png,t16sword.png,
Swords,Weapons,Sword,weapon_sword,,templesword,weapon_sword_templesword.png,src/assets/Items/Swords/weapon_sword_templesword.png,templesword.png,
Swords,Weapons,Sword,weapon_sword,,tombsword,weapon_sword_tombsword.png,src/assets/Items/Swords/weapon_sword_tombsword.png,tombsword.png,
Swords,Weapons,Sword,weapon_sword,,victoriansword,weapon_sword_victoriansword.png,src/assets/Items/Swords/weapon_sword_victoriansword.png,victoriansword.png,
Swords,Weapons,Sword,weapon_sword,,vorpalsword,weapon_sword_vorpalsword.png,src/assets/Items/Swords/weapon_sword_vorpalsword.png,vorpalsword.png,
Swords,Weapons,Sword,weapon_sword,,zweihander,weapon_sword_zweihander.png,src/assets/Items/Swords/weapon_sword_zweihander.png,zweihander.png,
Wands,Weapons,Wand,weapon_wand,,backscratcher,weapon_wand_backscratcher.png,src/assets/Items/Wands/weapon_wand_backscratcher.png,backscratcher.png,
Wands,Weapons,Wand,weapon_wand,,baton,weapon_wand_baton.png,src/assets/Items/Wands/weapon_wand_baton.png,baton.png,
Wands,Weapons,Wand,weapon_wand,,chesswand,weapon_wand_chesswand.png,src/assets/Items/Wands/weapon_wand_chesswand.png,chesswand.png,
Wands,Weapons,Wand,weapon_wand,,christmaswand,weapon_wand_christmaswand.png,src/assets/Items/Wands/weapon_wand_christmaswand.png,christmaswand.png,
Wands,Weapons,Wand,weapon_wand,,dragoneye,weapon_wand_dragoneye.png,src/assets/Items/Wands/weapon_wand_dragoneye.png,dragoneye.png,
Wands,Weapons,Wand,weapon_wand,,fallwand,weapon_wand_fallwand.png,src/assets/Items/Wands/weapon_wand_fallwand.png,fallwand.png,
Wands,Weapons,Wand,weapon_wand,,fallwand2,weapon_wand_fallwand2.png,src/assets/Items/Wands/weapon_wand_fallwand2.png,fallwand2.png,
Wands,Weapons,Wand,weapon_wand,,flowerwand,weapon_wand_flowerwand.png,src/assets/Items/Wands/weapon_wand_flowerwand.png,flowerwand.png,
Wands,Weapons,Wand,weapon_wand,,goldwand,weapon_wand_goldwand.png,src/assets/Items/Wands/weapon_wand_goldwand.png,goldwand.png,
Wands,Weapons,Wand,weapon_wand,,gothitawand,weapon_wand_gothitawand.png,src/assets/Items/Wands/weapon_wand_gothitawand.png,gothitawand.png,
Wands,Weapons,Wand,weapon_wand,,greekwand,weapon_wand_greekwand.png,src/assets/Items/Wands/weapon_wand_greekwand.png,greekwand.png,
Wands,Weapons,Wand,weapon_wand,,lcogwand,weapon_wand_lcogwand.png,src/assets/Items/Wands/weapon_wand_lcogwand.png,lcogwand.png,
Wands,Weapons,Wand,weapon_wand,,lightdarkwand,weapon_wand_lightdarkwand.png,src/assets/Items/Wands/weapon_wand_lightdarkwand.png,lightdarkwand.png,
Wands,Weapons,Wand,weapon_wand,,liluwand,weapon_wand_liluwand.png,src/assets/Items/Wands/weapon_wand_liluwand.png,liluwand.png,
Wands,Weapons,Wand,weapon_wand,,liluwand2,weapon_wand_liluwand2.png,src/assets/Items/Wands/weapon_wand_liluwand2.png,liluwand2.png,
Wands,Weapons,Wand,weapon_wand,,magicwand2,weapon_wand_magicwand2.png,src/assets/Items/Wands/weapon_wand_magicwand2.png,magicwand2.png,
Wands,Weapons,Wand,weapon_wand,,maplewand,weapon_wand_maplewand.png,src/assets/Items/Wands/weapon_wand_maplewand.png,maplewand.png,
Wands,Weapons,Wand,weapon_wand,,moonwand,weapon_wand_moonwand.png,src/assets/Items/Wands/weapon_wand_moonwand.png,moonwand.png,
Wands,Weapons,Wand,weapon_wand,,platinumwand,weapon_wand_platinumwand.png,src/assets/Items/Wands/weapon_wand_platinumwand.png,platinumwand.png,
Wands,Weapons,Wand,weapon_wand,,porcelainwand,weapon_wand_porcelainwand.png,src/assets/Items/Wands/weapon_wand_porcelainwand.png,porcelainwand.png,
Wands,Weapons,Wand,weapon_wand,,rubyrod,weapon_wand_rubyrod.png,src/assets/Items/Wands/weapon_wand_rubyrod.png,rubyrod.png,
Wands,Weapons,Wand,weapon_wand,,sailorwand,weapon_wand_sailorwand.png,src/assets/Items/Wands/weapon_wand_sailorwand.png,sailorwand.png,
Wands,Weapons,Wand,weapon_wand,,starrod,weapon_wand_starrod.png,src/assets/Items/Wands/weapon_wand_starrod.png,starrod.png,
Wands,Weapons,Wand,weapon_wand,,steelrod,weapon_wand_steelrod.png,src/assets/Items/Wands/weapon_wand_steelrod.png,steelrod.png,
Wands,Weapons,Wand,weapon_wand,,sylvan,weapon_wand_sylvan.png,src/assets/Items/Wands/weapon_wand_sylvan.png,sylvan.png,
Wands,Weapons,Wand,weapon_wand,,t12wand,weapon_wand_t12wand.png,src/assets/Items/Wands/weapon_wand_t12wand.png,t12wand.png,
Wands,Weapons,Wand,weapon_wand,,t13wand,weapon_wand_t13wand.png,src/assets/Items/Wands/weapon_wand_t13wand.png,t13wand.png,
Wands,Weapons,Wand,weapon_wand,,t14wand,weapon_wand_t14wand.png,src/assets/Items/Wands/weapon_wand_t14wand.png,t14wand.png,
Wands,Weapons,Wand,weapon_wand,,t15wand,weapon_wand_t15wand.png,src/assets/Items/Wands/weapon_wand_t15wand.png,t15wand.png,
Wands,Weapons,Wand,weapon_wand,,t16wand,weapon_wand_t16wand.png,src/assets/Items/Wands/weapon_wand_t16wand.png,t16wand.png,
Wands,Weapons,Wand,weapon_wand,,twirled,weapon_wand_twirled.png,src/assets/Items/Wands/weapon_wand_twirled.png,twirled.png,
Wands,Weapons,Wand,weapon_wand,,wizardwand,weapon_wand_wizardwand.png,src/assets/Items/Wands/weapon_wand_wizardwand.png,wizardwand.png,
